Date,Afdis,BAT,Delta,Econet,Innscor,Lafarge,Old Mutual,PPC,Hwange,RioZim
10/7/2010,0.14,2,0.51,4.7,0.48,1.1,1.83,3.2,0.35,1.8
10/8/2010,0.14,2,0.52,4.8,0.48,0.95,1.89,3.2,0,1.85
10/11/2010,0.14,1.9,0.54,4.8,0.48,0,1.89,3.2,0,1.95
10/12/2010,0.14,1.9,0.53,4.8,0.48,0.95,1.83,3.2,0.35,2
10/13/2010,0.14,2,0.53,4.8,0.48,0.95,1.83,3.2,0.35,2.01
10/14/2010,0.14,2,0.54,4.8,0.49,0.95,1.83,3.2,0.35,2.05
10/15/2010,0.14,2,0.54,4.86,0.49,0.95,1.83,3.2,0.37,2.1
10/18/2010,0.14,2,0.54,4.86,0.5,0.95,1.83,3.2,0.37,2.15
10/19/2010,0.14,2,0.54,4.88,0.51,0.95,1.83,3.2,0.4,2.15
10/20/2010,0.15,1.99,0.54,4.97,0.55,0.95,1.89,3.15,0.41,2.2
10/21/2010,0.14,1.8,0.54,5,0.55,0.95,1.87,3.2,0.43,2.2
10/22/2010,0.14,1.8,0.55,5,0.55,1,1.84,3.2,0.43,2.2
10/25/2010,0.14,1.8,0.55,5,0.53,1,1.83,3.21,0.45,2.15
10/26/2010,0.14,1.8,0.55,5,0.54,1.12,1.84,3.21,0.45,2.15
10/27/2010,0.14,1.8,0.58,5.1,0.54,1.12,1.84,3.35,0.52,2.15
10/28/2010,0.14,1.8,0.6,5.1,0.54,1.12,1.84,3.35,0.53,2.16
10/29/2010,0.15,1.8,0.63,5.16,0.55,1.12,1.84,3.61,0.56,2.19
11/1/2010,0.15,2,0.62,5.15,0.55,1.1,1.83,3.6,0.56,2.15
11/2/2010,0.14,2,0.61,5.15,0.54,1.1,1.83,3.6,0.55,2.1
11/3/2010,0.14,2,0.61,5.1,0.54,1,1.83,3.6,0.5,2.1
11/4/2010,0.14,2,0.6,5.1,0.54,1,1.77,3.6,0.5,2.15
11/5/2010,0.15,2,0.6,5,0.55,1,1.77,3.6,0.52,2.15
11/8/2010,0.15,1.98,0.6,5,0.55,1,1.77,3.6,0.5,2.1
11/9/2010,0.14,1.98,0.6,5.01,0.56,1,1.77,3.6,0.52,2.1
11/10/2010,0.14,1.98,0.61,5.03,0.58,0.9,1.77,3.65,0.53,2.1
11/11/2010,0.14,2,0.61,5,0.58,0.95,1.77,3.65,0.53,2.1
11/12/2010,0.15,2,0.61,5,0.6,1,1.78,3.65,0.53,2.1
11/15/2010,0.15,2,0.62,5,0.6,0.95,1.79,3.65,0.53,2.1
11/16/2010,0.15,2,0.62,4.99,0.6,0.95,1.81,3.65,0.55,2.05
11/17/2010,0.15,2,0.62,4.9,0.59,0.95,1.82,3.66,0.6,2
11/18/2010,0.14,1.85,0.62,4.9,0.59,0.9,1.82,3.66,0.6,2.02
11/19/2010,0.14,0,0.62,4.9,0.59,0,1.83,3.7,0.6,2.07
11/22/2010,0.14,1.8,0.62,4.85,0.58,0.9,1.83,3.7,0.6,2.1
11/23/2010,0.14,1.8,0.62,4.8,0.55,0.9,1.83,3.7,0.62,2.1
11/24/2010,0.15,1.9,0.62,4.8,0.55,0.9,1.85,3.7,0.64,2.05
11/25/2010,0.15,1.9,0.62,4.8,0.54,0.88,1.85,3.7,0.63,2.05
11/26/2010,0.14,1.9,0.62,4.8,0.54,0.85,1.86,3.7,0.63,2.05
11/29/2010,0.14,1.9,0.62,4.8,0.54,0,1.86,3.7,0,2.05
11/30/2010,0.15,1.9,0.62,4.8,0.54,0.85,1.89,3.68,0.63,2.05
12/1/2010,0.15,2,0.63,4.8,0.53,0.8,1.88,3.68,0.63,2.05
12/2/2010,0.15,2,0.63,4.8,0.52,0.8,1.86,3.65,0.63,2.05
12/3/2010,0.15,2,0.64,4.7,0.52,0.85,1.83,3.65,0.65,2.08
12/6/2010,0.15,2,0.65,4.7,0.52,0.85,1.83,3.65,0.63,2.08
12/7/2010,0.15,2,0.65,4.7,0.48,0.85,1.81,3.65,0.65,2
12/8/2010,0.15,2,0.63,4.7,0.47,0.85,1.81,3.4,0.65,2
12/9/2010,0.15,2,0.63,4.7,0.46,0.9,1.81,3.2,0.63,2
12/13/2010,0.15,2,0.63,4.65,0.47,0.9,1.79,3.2,0.62,2
12/14/2010,0.15,2,0.63,4.7,0.47,0.9,1.77,3.15,0.61,2
12/15/2010,0.15,2,0.62,4.65,0.47,0.9,1.77,3.12,0.6,2
12/16/2010,0.15,2,0.62,4.65,0.47,0.91,1.74,3.12,0.6,2
12/17/2010,0.15,2,0.62,4.65,0.47,0.91,1.74,3.12,0.6,2
12/20/2010,0.15,2,0.62,4.65,0.47,0.93,1.74,3.12,0.6,2
12/21/2010,0.15,2,0.63,4.65,0.47,0.9,1.74,3.15,0.6,2
12/23/2010,0.15,2,0.63,4.6,0.47,0.9,1.71,3.1,0.6,1.97
12/24/2010,0.14,2,0.65,4.6,0.45,0.92,1.71,3.05,0.6,2
12/28/2010,0.14,2,0.63,4.65,0.45,0.92,1.71,3.04,0.6,2
12/29/2010,0.14,2,0.64,4.68,0.47,0.92,1.71,3.1,0.55,2
12/30/2010,0.15,2,0.64,4.7,0.47,0.96,1.71,3.25,0.55,1.9
12/31/2010,0.15,2,0.65,4.71,0.48,0.96,1.77,3.37,0.53,1.95
1/3/2011,0.15,2,0.65,4.77,0.5,0.98,1.77,3.6,0.53,1.9
1/4/2011,0.15,2,0.66,4.8,0.5,0.97,1.77,3.6,0.54,1.9
1/5/2011,0.15,2,0.66,4.8,0.5,0.95,1.71,3.6,0.54,1.8
1/6/2011,0.15,2,0.68,4.8,0.55,0.95,1.66,3.6,0.55,1.8
1/7/2011,0.15,2,0.7,4.81,0.58,0.95,1.66,3.6,0.56,1.8
1/10/2011,0.15,2,0.72,4.86,0.62,0.95,1.69,3.6,0.56,1.9
1/11/2011,0.15,2.02,0.73,4.9,0.64,0.95,1.71,3.6,0.56,1.95
1/12/2011,0.13,2.02,0.73,4.95,0.64,0.95,1.77,3.6,0.56,1.95
1/13/2011,0.13,2.02,0.74,5,0.63,0.95,1.75,3.6,0.56,1.95
1/14/2011,0.15,2.02,0.75,5,0.61,0.95,1.75,3.2,0.56,1.95
1/17/2011,0.15,2.02,0.74,4.95,0.61,0.95,1.71,3.2,0.57,1.95
1/18/2011,0.15,2.02,0.73,4.95,0.6,0.95,1.71,3.2,0.58,1.95
1/19/2011,0.15,2.02,0.72,4.95,0.56,0.95,1.73,3.2,0.58,1.95
1/20/2011,0.11,2.02,0.72,4.95,0.56,0.95,1.73,3.15,0.57,1.9
1/21/2011,0.11,1.9,0.7,4.95,0.56,0.95,1.73,3.15,0.57,1.95
1/24/2011,0.14,1.9,0.73,5,0.57,0.95,1.73,3.17,0.57,1.95
1/25/2011,0.14,1.9,0.73,5.01,0.6,0.95,1.77,3.2,0.58,1.95
1/26/2011,0.14,1.89,0.73,5.02,0.6,0.95,1.77,3.21,0.6,2
1/27/2011,0.14,1.89,0.73,5.02,0.6,0.95,1.77,3.21,0.6,2
1/28/2011,0.14,1.89,0.73,5.03,0.61,0.93,1.77,3.21,0.61,2
1/31/2011,0.13,1.89,0.73,5.03,0.6,0.93,1.77,3.23,0.61,2
2/1/2011,0.14,1.89,0.73,5.01,0.6,0.9,1.77,3.23,0.64,2
2/2/2011,0.14,1.89,0.73,5.01,0.6,0.9,1.77,3.23,0.64,2
2/3/2011,0.14,1.85,0.73,5.01,0.6,0.9,1.77,3.28,0.65,2
2/4/2011,0.14,1.85,0.73,5,0.6,0.9,1.78,3.3,0.65,2
2/7/2011,0.14,1.85,0.72,5,0.6,0.9,1.82,3.23,0.65,2
2/8/2011,0.13,1.75,0.73,5,0.6,0.9,1.82,3.26,0.65,2
2/9/2011,0.14,1.75,0.72,4.99,0.6,0.9,1.83,3.26,0.65,2
2/10/2011,0.14,1.75,0.72,4.99,0.59,0.9,1.84,3.26,0.65,2
2/11/2011,0.14,1.7,0.71,4.95,0.59,0.9,1.85,3.23,0.65,2
2/14/2011,0.14,1.7,0.71,4.95,0.59,0.9,1.85,3.23,0.65,2
2/15/2011,0.14,1.65,0.7,4.97,0.6,0.9,1.85,3.25,0.67,2
2/16/2011,0.14,1.65,0.7,4.97,0.6,0.9,1.85,3.25,0.67,2
2/17/2011,0.14,1.62,0.7,4.97,0.6,0.9,1.85,3.25,0.68,2.01
2/18/2011,0.14,1.62,0.7,4.95,0.6,0.9,1.85,3.22,0.68,2.01
2/21/2011,0.14,1.62,0.71,4.95,0.6,0.9,1.85,3.25,0.68,2.01
2/22/2011,0.14,1.61,0.72,4.93,0.6,0.9,1.85,3.25,0.69,2.01
2/23/2011,0.14,1.6,0.73,4.9,0.61,0.9,1.85,3.3,0.69,2.01
2/24/2011,0.14,1.6,0.73,4.9,0.62,0.9,1.86,3.3,0.7,2.01
2/25/2011,0.14,1.6,0.73,4.9,0.63,0.9,1.86,3.3,0.72,2.02
2/28/2011,0.14,1.6,0.73,4.9,0.63,0.9,1.86,3.3,0.72,2
3/1/2011,0.14,1.6,0.73,4.9,0.63,0.9,1.86,3.3,0.72,2
3/2/2011,0.14,1.5,0.73,4.9,0.63,0.9,1.89,3.31,0.74,2
3/3/2011,0.15,1.5,0.73,4.9,0.63,0.94,1.91,3.31,0.74,1.98
3/4/2011,0.15,1.6,0.73,4.9,0.64,0.94,1.91,3.31,0.77,1.98
3/7/2011,0.15,1.6,0.73,4.9,0.64,0.94,1.86,3.3,0.8,1.98
3/8/2011,0.15,1.6,0.74,4.86,0.64,0.94,1.86,3.3,0.8,1.98
3/9/2011,0.14,1.6,0.74,4.81,0.64,0.94,1.84,3.3,0.85,1.9
3/10/2011,0.14,1.6,0.74,4.81,0.65,0.94,1.84,3.25,0.87,1.9
3/11/2011,0.14,1.6,0.74,4.85,0.66,0.94,1.84,3.25,0.9,1.95
3/14/2011,0.14,1.6,0.75,4.86,0.67,0.94,1.84,3.25,0.9,1.95
3/15/2011,0.14,1.6,0.76,4.88,0.68,0.94,1.85,3.2,0.85,1.95
3/16/2011,0.14,1.6,0.77,4.95,0.68,0.94,1.86,3.26,0.8,1.95
3/17/2011,0.14,1.6,0.77,4.9,0.7,0.9,1.86,3.26,0.8,1.94
3/18/2011,0.14,1.63,0.77,4.9,0.7,0.93,1.87,3.26,0.8,1.94
3/21/2011,0.14,1.65,0.77,4.9,0.69,0.95,1.89,3.26,0.77,1.9
3/22/2011,0.14,1.65,0.77,4.9,0.68,0.95,1.89,3.26,0.76,1.9
3/23/2011,0.14,1.65,0.75,4.9,0.68,0.95,1.86,3.26,0.75,1.94
3/24/2011,0.14,1.65,0.75,4.9,0.68,0.95,1.86,3.26,0.73,1.95
3/25/2011,0.14,1.75,0.75,4.9,0.68,0.95,1.84,3.26,0.72,1.95
3/28/2011,0.14,1.75,0.73,4.9,0.68,0.95,1.84,3.26,0.72,1.95
3/29/2011,0.14,1.85,0.73,4.9,0.65,0.9,1.83,3.26,0.75,1.95
3/30/2011,0.14,1.85,0.72,4.9,0.65,0.9,1.84,3.24,0.75,1.95
3/31/2011,0.14,1.85,0.7,4.89,0.63,1.05,1.84,3.2,0.75,1.95
4/1/2011,0.14,1.9,0.7,4.8,0.63,1.05,1.82,3.18,0.75,1.93
4/4/2011,0.14,1.9,0.71,4.8,0.63,1.05,1.82,3.18,0.75,1.9
4/5/2011,0.12,1.9,0.72,4.8,0.62,1.05,1.83,3,0.75,1.89
4/6/2011,0.12,1.9,0.72,4.8,0.61,1.05,1.84,3,0.72,1.89
4/7/2011,0.12,1.9,0.72,4.78,0.61,1.05,1.83,3,0.72,1.9
4/8/2011,0.12,1.9,0.73,4.78,0.61,1.05,1.83,3,0.71,1.9
4/11/2011,0.12,1.9,0.73,4.8,0.61,1.05,1.83,3,0.71,1.8
4/12/2011,0.13,1.9,0.73,4.8,0.62,1,1.84,3,0.71,1.75
4/13/2011,0.13,1.9,0.73,4.8,0.62,1,1.84,3,0.71,1.7
4/14/2011,0.12,1.9,0.74,4.8,0.62,1,1.84,2.99,0.71,1.75
4/15/2011,0.12,1.9,0.75,4.8,0.62,1,1.84,2.99,0.71,1.7
4/19/2011,0.12,1.9,0.75,4.81,0.62,1,1.84,2.99,0.71,1.7
4/20/2011,0.12,1.9,0.76,4.83,0.62,1,1.84,3,0.71,1.4
4/21/2011,0.12,1.9,0.8,4.97,0.63,1,1.84,3,0.71,1.4
4/26/2011,0.12,1.9,0.8,5,0.63,1,1.84,3,0.71,1.4
4/27/2011,0.12,1.9,0.81,5,0.63,1,1.82,3.05,0.69,1.4
4/28/2011,0.12,1.9,0.81,5.01,0.64,1,1.82,3.05,0.71,1.4
4/29/2011,0.12,1.9,0.81,5.02,0.63,1,1.82,3.05,0.67,1.4
5/3/2011,0.12,1.9,0.81,5.01,0.61,1,1.82,3.05,0.67,1.4
5/4/2011,0.12,1.8,0.8,5,0.6,1,1.83,3.05,0.69,1.5
5/5/2011,0.12,1.8,0.8,5,0.59,1,1.84,3.05,0.67,1.4
5/6/2011,0.12,1.8,0.81,5,0.59,1,1.83,3.1,0.67,1.5
5/9/2011,0.12,1.9,0.81,5,0.58,0.95,1.83,3.1,0.67,1.4
5/10/2011,0.12,1.9,0.81,5.01,0.59,1,1.84,3.1,0.65,1.5
5/11/2011,0.12,0,0.81,5.01,0.59,0,1.84,3.1,0.65,1.5
5/12/2011,0.12,1.8,0.82,5.05,0.61,0.95,1.84,3.14,0.65,1.45
5/13/2011,0.12,1.8,0.82,5.05,0.61,0.95,1.84,3.14,0.65,1.4
5/16/2011,0.12,1.8,0.82,5,0.62,0.95,1.84,3.15,0.65,1.45
5/17/2011,0.13,1.8,0.81,4.93,0.62,0.95,1.84,3.15,0.63,1.45
5/18/2011,0.12,1.8,0.8,4.87,0.62,0.95,1.84,3.15,0.62,1.45
5/19/2011,0.12,1.8,0.8,4.8,0.62,0.95,1.84,3.26,0.62,1.45
5/20/2011,0.12,1.8,0.8,4.78,0.62,0.9,1.84,3.26,0.62,1.45
5/23/2011,0.12,1.8,0.8,4.73,0.62,0.9,1.83,3.26,0.62,1.4
5/24/2011,0.12,1.8,0.81,4.8,0.62,0.9,1.83,3.3,0.65,1.4
5/26/2011,0.12,1.8,0.8,4.8,0.62,0.9,1.83,3.3,0.65,1.38
5/27/2011,0.12,1.8,0.8,4.8,0.63,0.9,1.83,3.3,0.65,1.38
5/30/2011,0.12,1.8,0.81,4.8,0.62,0.9,1.83,3.3,0.67,1.38
5/31/2011,0.12,1.8,0.82,4.8,0.63,0.95,1.83,3.25,0.68,1.4
6/1/2011,0.12,1.8,0.82,4.8,0.63,0.95,1.83,3.25,0.7,1.4
6/2/2011,0.12,1.8,0.82,4.8,0.63,0.95,1.79,3.25,0.7,1.4
6/3/2011,0.12,1.8,0.8,4.81,0.64,0.95,1.81,3.25,0.7,1.4
6/6/2011,0.12,1.8,0.8,4.82,0.65,0.95,1.81,3.25,0.7,1.4
6/7/2011,0.12,1.8,0.8,4.82,0.66,0.95,1.81,3.3,0.7,1.45
6/8/2011,0.12,1.7,0.79,4.82,0.67,0.95,1.81,3.3,0.68,1.45
6/9/2011,0.12,1.7,0.78,4.82,0.67,0.95,1.83,3.3,0.68,1.45
6/10/2011,0.12,1.7,0.79,4.82,0.67,0.95,1.83,3.3,0.68,1.45
6/13/2011,0.12,1.69,0.79,4.82,0.67,0.95,1.83,3.3,0.65,1.45
6/14/2011,0.12,1.69,0.79,4.82,0.67,0.95,1.83,3.31,0.63,1.45
6/15/2011,0.12,1.6,0.8,4.9,0.66,0.95,1.83,3.31,0.63,1.45
6/16/2011,0.12,1.7,0.81,4.85,0.66,0.95,1.83,3.31,0.63,1.45
6/17/2011,0.12,0,0.8,4.8,0.66,0.95,1.83,3.31,0.63,1.45
6/20/2011,0.12,1.7,0.8,4.8,0.66,0.95,1.83,3.31,0.63,1.45
6/21/2011,0.12,1.7,0.8,4.8,0.65,0.95,1.83,3.31,0.63,1.45
6/22/2011,0.12,1.7,0.8,4.71,0.66,0.7,1.83,3.31,0.63,1.45
6/23/2011,0.12,1.7,0.79,4.68,0.63,0.7,1.83,3.31,0.62,1.45
6/24/2011,0.12,1.7,0.77,4.68,0.63,0.75,1.79,3.31,0.6,1.45
6/27/2011,0.15,1.7,0.77,4.75,0.64,0.75,1.81,3.31,0.57,1.4
6/28/2011,0.15,1.59,0.78,4.76,0.63,0.8,1.79,3.31,0.56,1.4
6/29/2011,0.15,1.55,0.78,4.77,0.63,0.8,1.79,3.31,0.58,1.3
6/30/2011,0.15,1.55,0.8,4.73,0.63,0.8,1.83,3.4,0.58,1.25
7/1/2011,0.13,1.55,0.79,4.71,0.63,0.85,1.83,3.31,0.58,1.25
7/4/2011,0.13,1.55,0.79,4.73,0.64,0.85,1.79,3.31,0.58,1.15
7/5/2011,0.13,1.2,0.79,4.72,0.62,0.85,1.79,3.31,0.58,1.15
7/6/2011,0.13,1.3,0.8,4.72,0.64,0.9,1.77,3.31,0.55,1.1
7/7/2011,0.13,1.3,0.79,4.72,0.64,0.9,1.76,3.31,0.55,1.1
7/8/2011,0.13,1.3,0.79,4.72,0.64,0.9,1.74,3.31,0.55,1.1
7/11/2011,0.13,1.3,0.79,4.72,0.64,0.9,1.7,3.31,0.55,1.1
7/12/2011,0.13,1.2,0.78,4.7,0.64,0.9,1.71,3.31,0.56,1.05
7/13/2011,0.13,1.2,0.79,4.7,0.64,0.95,1.71,3.31,0.56,1.1
7/14/2011,0.13,1.15,0.79,4.7,0.62,0.9,1.74,3.31,0.56,1.1
7/15/2011,0.13,1.15,0.79,4.7,0.61,0.9,1.74,3.31,0.56,1.1
7/18/2011,0.13,1.15,0.79,4.67,0.62,0.9,1.74,3.31,0.57,1.1
7/19/2011,0.12,1.1,0.79,4.61,0.61,0.9,1.75,3.31,0.57,1.05
7/20/2011,0.12,1.1,0.79,4.61,0.61,0.9,1.75,3.31,0.57,1.05
7/21/2011,0.12,1.05,0.78,4.55,0.62,0.9,1.75,3.31,0.56,1
7/22/2011,0.12,1,0.78,4.55,0.63,0.9,1.77,3.31,0.56,1
7/25/2011,0.12,1,0.77,4.55,0.63,0.9,1.77,3.31,0.57,1
7/26/2011,0.11,0.97,0.76,4.5,0.63,0.9,1.77,3.31,0.57,0.96
7/27/2011,0.11,0.95,0.75,4.49,0.63,0.9,1.77,3.31,0.57,0.95
7/28/2011,0.12,0.95,0.77,4.4,0.63,0.9,1.77,3.31,0.57,0.95
7/29/2011,0.12,0.95,0.8,4.2,0.63,0.9,1.77,3.31,0.57,0.95
8/1/2011,0.12,0.9,0.8,4.3,0.63,0.9,1.71,3.31,0.57,0.95
8/2/2011,0.12,0.89,0.8,4.4,0.63,0.9,1.71,3.31,0.56,0.95
8/3/2011,0.11,0.87,0.8,4.45,0.64,0.9,1.71,3.35,0.55,0.95
8/4/2011,0.11,0.87,0.81,4.45,0.64,0.9,1.71,3.35,0.56,0.91
8/5/2011,0.11,0.87,0.81,4.4,0.65,0.9,1.71,3.35,0.57,0.93
8/10/2011,0.11,0.87,0.8,4.4,0.65,0.9,1.71,3.35,0.57,0.93
8/11/2011,0.11,0.87,0.8,4.4,0.64,0.9,1.71,3.35,0.57,0.92
8/12/2011,0.11,0.87,0.8,4.4,0.63,0.9,1.71,3.35,0.6,0.92
8/15/2011,0.11,0.87,0.8,4.4,0.63,0.9,1.71,3.33,0.6,0.92
8/16/2011,0.11,0.95,0.8,4.3,0.64,0.9,1.73,3.33,0.6,0.92
8/17/2011,0.11,0.95,0.8,4.2,0.64,0.9,1.73,3.33,0.6,0.92
8/18/2011,0.11,1.1,0.81,4.2,0.64,0.9,1.76,3.33,0.6,0.9
8/19/2011,0.11,1.1,0.8,4.17,0.64,0.9,1.71,3.33,0.6,0.9
8/22/2011,0.11,1.1,0.8,4.15,0.64,0.9,1.71,3.35,0.6,0.85
8/23/2011,0.12,1.15,0.8,4.15,0.65,0.9,1.71,3.35,0.6,0.85
8/24/2011,0.12,1.15,0.8,4.15,0.65,0.9,1.66,3.35,0.6,0.85
8/25/2011,0.12,1.15,0.79,4.15,0.63,0.9,1.66,3.35,0.6,0.8
8/26/2011,0.12,1.15,0.79,4.11,0.63,0.9,1.66,3.35,0.6,0.8
8/29/2011,0.12,1.31,0.79,4.15,0.63,0.9,1.67,3.35,0.6,0.8
8/30/2011,0.12,1.15,0.79,4.15,0.63,0.9,1.66,3.35,0.6,0.86
8/31/2011,0.11,1.41,0.79,4.15,0.63,0.9,1.62,3.35,0.6,0.95
9/1/2011,0.11,1.41,0.79,4.15,0.64,0.9,1.62,3.35,0.6,0.9
9/2/2011,0.11,1.45,0.78,4.15,0.64,0.9,1.62,3.35,0.58,0.9
9/5/2011,0.11,1.45,0.78,4,0.64,0.9,1.62,3.35,0.58,0.9
9/6/2011,0.11,1.45,0.78,4,0.66,0.9,1.62,3.35,0.58,0.95
9/7/2011,0.11,1.45,0.78,3.9,0.67,0.9,1.62,3.35,0.58,1
9/8/2011,0.12,1.45,0.78,3.79,0.7,0.8,1.62,3.32,0.58,1
9/9/2011,0.12,1.45,0.78,3.79,0.7,0.8,1.66,3.3,0.58,0.85
9/12/2011,0.12,1.45,0.78,3.79,0.7,0.8,1.67,3.3,0.58,0.8
9/13/2011,0.12,1.45,0.77,3.79,0.68,0.8,1.69,3.25,0.6,0.75
9/14/2011,0.12,1.5,0.76,3.9,0.67,0.7,1.77,3.25,0.58,0.7
9/15/2011,0.12,1.5,0.75,4,0.67,0.7,1.77,3.25,0.6,0.65
9/16/2011,0.14,1.9,0.75,4,0.66,0.7,1.83,3.25,0.58,0.6
9/19/2011,0.14,1.9,0.75,4.1,0.63,0.7,1.83,3.25,0.6,0.6
9/20/2011,0.14,1.9,0.75,4.1,0.63,0.7,1.83,3.25,0.6,0.56
9/21/2011,0.14,1.9,0.74,4.02,0.64,0.7,1.82,3.27,0.6,0.6
9/22/2011,0.14,1.9,0.73,4,0.65,0.7,1.82,3.27,0.6,0.6
9/23/2011,0.14,1.9,0.72,4.05,0.65,0.7,1.82,3.27,0.6,0.6
9/26/2011,0.13,1.9,0.71,4.05,0.64,0.7,1.83,3.27,0.56,0.6
9/27/2011,0.13,1.9,0.7,4.05,0.63,0.7,1.77,3.27,0.55,0.6
9/28/2011,0.13,1.9,0.7,4.08,0.63,0.7,1.76,3.15,0.55,0.59
9/29/2011,0.13,1.9,0.71,4,0.62,0.7,1.71,3.15,0.6,0.59
9/30/2011,0.14,1.9,0.72,4,0.62,0.75,1.71,3.15,0.6,0.59
10/3/2011,0.14,1.9,0.72,3.99,0.62,0.75,1.71,3.15,0.57,0.59
10/4/2011,0.14,1.9,0.72,3.98,0.62,0.75,1.62,3.15,0.55,0.59
10/5/2011,0.13,1.8,0.72,3.9,0.62,0.7,1.6,3.15,0.55,0.59
10/6/2011,0.13,1.8,0.72,3.9,0.61,0.7,1.62,2.9,0.55,0.6
10/7/2011,0.14,1.8,0.72,3.87,0.6,0.7,1.62,2.9,0.54,0.6
10/10/2011,0.14,1.75,0.7,3.8,0.58,0.7,1.59,2.9,0.53,0.6
10/11/2011,0.14,1.75,0.68,3.68,0.57,0.7,1.51,2.8,0.52,0.58
10/12/2011,0.14,1.75,0.68,3.8,0.56,0.7,1.51,2.7,0.52,0.57
10/13/2011,0.14,1.75,0.68,3.8,0.57,0.7,1.51,2.5,0.52,0.57
10/14/2011,0.14,1.75,0.68,3.75,0.57,0.65,1.51,2.35,0.52,0.57
10/17/2011,0.14,1.75,0.68,3.7,0.57,0.65,1.5,2.35,0.51,0.57
10/18/2011,0.14,1.75,0.66,3.7,0.55,0.65,1.5,2.35,0.51,0.55
10/19/2011,0.14,1.75,0.66,3.7,0.55,0.65,1.49,2.35,0.51,0.55
10/20/2011,0.14,1.75,0.66,3.7,0.55,0.65,1.49,2.35,0.51,0.55
10/21/2011,0.15,1.7,0.68,3.74,0.55,0.65,1.5,2.35,0.51,0.5
10/24/2011,0.15,1.7,0.68,3.7,0.54,0.65,1.51,2.35,0.51,0.5
10/25/2011,0.15,1.7,0.7,3.7,0.54,0.65,1.51,2.25,0.51,0.5
10/26/2011,0.15,1.69,0.71,3.7,0.54,0.65,1.51,2.25,0.51,0.5
10/27/2011,0.15,1.69,0.7,3.68,0.54,0.7,1.5,2.1,0.5,0.5
10/28/2011,0.15,1.69,0.7,3.7,0.54,0.7,1.49,2.1,0.5,0.5
10/31/2011,0.14,1.69,0.7,3.7,0.54,0.7,1.49,2.1,0.5,0.5
11/1/2011,0.14,1.69,0.71,3.7,0.54,0.7,1.49,2.13,0.5,0.5
11/2/2011,0.14,1.69,0.72,3.7,0.53,0.7,1.44,2.1,0.49,0.5
11/3/2011,0.14,1.69,0.74,3.65,0.53,0.7,1.45,2.18,0.49,0.5
11/4/2011,0.14,1.69,0.75,3.7,0.53,0.7,1.44,2.2,0.46,0.5
11/7/2011,0.14,1.69,0.76,3.65,0.54,0.7,1.44,2.2,0.49,0.5
11/8/2011,0.14,1.69,0.73,3.69,0.54,0.7,1.43,2.2,0.46,0.5
11/9/2011,0.14,1.69,0.71,3.7,0.55,0.7,1.43,2.2,0.46,0.5
11/10/2011,0.14,1.55,0.75,3.7,0.55,0.7,1.43,2.2,0.45,0.5
11/11/2011,0.14,1.6,0.75,3.7,0.57,0.7,1.38,2.1,0.45,0.5
11/14/2011,0.14,1.62,0.75,3.65,0.58,0.7,1.38,2.1,0.45,0.5
11/15/2011,0.14,1.62,0.75,3.7,0.58,0.7,1.38,2.1,0.45,0.5
11/16/2011,0.14,1.62,0.74,3.7,0.55,0.7,1.38,2.07,0.45,0.5
11/17/2011,0.14,1.62,0.73,3.7,0.55,0.7,1.38,2.1,0.45,0.5
11/18/2011,0.14,1.62,0.73,3.75,0.55,0.7,1.38,2,0.45,0.45
11/21/2011,0.14,1.62,0.72,3.75,0.55,0.7,1.37,2,0.45,0.45
11/22/2011,0.14,1.62,0.72,3.75,0.53,0.7,1.35,2,0.45,0.45
11/23/2011,0.14,1.62,0.72,3.85,0.53,0.7,1.33,2,0.45,0.45
11/24/2011,0.14,1.62,0.72,3.9,0.53,0.7,1.26,2,0.45,0.5
11/25/2011,0.14,1.62,0.72,4,0.54,0.7,1.26,2,0.44,0.5
11/28/2011,0.14,1.62,0.72,4,0.54,0.7,1.26,2,0.45,0.5
11/29/2011,0.14,1.62,0.72,4,0.56,0.7,1.26,2,0.44,0.5
11/30/2011,0.14,1.62,0.72,3.8,0.56,0.7,1.37,2,0.44,0.5
12/1/2011,0.14,1.62,0.72,4.2,0.56,0.7,1.37,2,0.44,0.5
12/2/2011,0.14,1.62,0.72,4.2,0.56,0.7,1.37,2,0.44,0.5
12/5/2011,0.14,1.62,0.72,4.2,0.57,0.7,1.33,2.06,0.44,0.5
12/6/2011,0.14,1.62,0.72,4,0.57,0.7,1.27,2.06,0.44,0.45
12/7/2011,0.14,1.62,0.72,4,0.57,0.7,1.27,2.06,0.44,0.45
12/8/2011,0.14,1.6,0.72,4,0.57,0.7,1.28,2.06,0.33,0.45
12/9/2011,0.14,1.6,0.72,4,0.56,0.7,1.27,2.06,0.32,0.34
12/12/2011,0.14,1.55,0.72,4,0.54,0.7,1.26,2.1,0.31,0.3
12/13/2011,0.1,1.55,0.71,4,0.54,0.7,1.2,2.1,0.3,0.31
12/14/2011,0.1,1.55,0.7,4,0.54,0.7,1.2,2.1,0.3,0.31
12/15/2011,0.1,1.55,0.7,4,0.53,0.7,1.28,2.1,0.3,0.28
12/16/2011,0.1,1.55,0.7,4,0.53,0.7,1.33,2.1,0.3,0.3
12/19/2011,0.11,1.55,0.7,4,0.53,0.7,1.38,2.1,0.3,0.3
12/20/2011,0.11,1.55,0.7,4,0.54,0.7,1.43,2.1,0.3,0.35
12/21/2011,0.11,1.55,0.7,4,0.54,0.7,1.49,2.1,0.3,0.35
12/23/2011,0.11,1.55,0.7,3.95,0.54,0.7,1.49,2.1,0.3,0.35
12/28/2011,0.11,1.55,0.7,3.95,0.54,0.7,1.49,2.1,0.3,0.35
12/29/2011,0.11,1.55,0.7,4,0.55,0.7,1.49,2.1,0.4,0.35
12/30/2011,0.11,1.55,0.7,4,0.55,0.7,1.49,2.1,0.4,0.35
1/3/2012,0.11,1.55,0.7,4,0.54,0.7,1.49,2.1,0.4,0.35
1/4/2012,0.11,1.55,0.7,4,0.54,0.7,1.49,2.1,0.4,0.3
1/5/2012,0.11,1.55,0.69,4,0.54,0.7,1.37,2.1,0.3,0.3
1/6/2012,0.11,1.55,0.69,4,0.55,0.7,1.31,2.1,0.3,0.3
1/9/2012,0.11,1.55,0.69,3.95,0.55,0.7,1.31,2.1,0.3,0.3
1/10/2012,0.11,1.55,0.69,3.95,0.55,0.7,1.43,2.1,0.28,0.3
1/11/2012,0.11,1.55,0.69,3.95,0.56,0.7,1.47,2.1,0.3,0.3
1/12/2012,0.11,1.55,0.7,3.85,0.56,0.7,1.47,2.1,0.3,0.3
1/13/2012,0.11,1.55,0.7,3.84,0.57,0.7,1.49,1.9,0.3,0.35
1/16/2012,0.12,1.55,0.7,3.8,0.59,0.7,1.53,1.92,0.28,0.3
1/17/2012,0.11,1.55,0.7,3.8,0.6,0.7,1.54,1.95,0.28,0.3
1/18/2012,0.11,1.55,0.7,3.7,0.6,0.6,1.55,1.97,0.28,0.3
1/19/2012,0.11,1.6,0.7,3.65,0.6,0.6,1.6,2.02,0.3,0.3
1/20/2012,0.11,1.55,0.7,3.6,0.6,0.6,1.61,2.05,0.3,0.3
1/23/2012,0.11,1.6,0.7,3.7,0.6,0.6,1.73,2.06,0.3,0.3
1/24/2012,0.11,1.6,0.69,3.7,0.6,0.6,1.65,2.06,0.28,0.3
1/25/2012,0.11,1.55,0.69,3.7,0.56,0.6,1.67,2.07,0.28,0.3
1/26/2012,0.11,1.55,0.69,3.7,0.56,0.6,1.71,2.07,0.28,0.3
1/27/2012,0.11,1.55,0.68,3.7,0.55,0.6,1.78,2.05,0.28,0.3
1/30/2012,0.11,1.6,0.68,3.7,0.56,0.6,1.77,2.05,0.28,0.3
1/31/2012,0.11,1.6,0.68,3.7,0.56,0.6,1.83,2.05,0.28,0.25
2/1/2012,0.11,1.6,0.68,3.7,0.56,0.6,1.89,2.05,0.28,0.3
2/2/2012,0.11,1.6,0.69,3.7,0.56,0.6,1.89,2.09,0.27,0.35
2/3/2012,0.11,1.6,0.69,3.7,0.56,0.65,1.89,2.11,0.29,0.4
2/6/2012,0.11,1.6,0.69,3.7,0.57,0.65,1.9,2.11,0.28,0.4
2/7/2012,0.11,1.6,0.7,3.65,0.57,0.65,1.94,2.15,0.28,0.4
2/8/2012,0.12,1.6,0.7,3.7,0.57,0.65,2,2.15,0.28,0.4
2/9/2012,0.12,1.65,0.69,3.7,0.58,0.7,2,2.16,0.28,0.4
2/10/2012,0.11,1.7,0.7,3.75,0.59,0.7,2.01,2.4,0.28,0.4
2/13/2012,0.11,1.7,0.7,3.75,0.59,0.7,2.01,2.4,0.28,0.5
2/14/2012,0.11,1.7,0.7,3.8,0.6,0.7,2.01,2.3,0.28,0.5
2/15/2012,0.11,1.7,0.7,3.8,0.62,0.7,2.01,2.3,0.28,0.5
2/16/2012,0.13,1.7,0.7,3.79,0.63,0.7,2.01,2.5,0.28,0.5
2/17/2012,0.13,1.75,0.7,3.82,0.64,0.7,1.94,2.5,0.35,0.5
2/20/2012,0.13,1.8,0.7,3.86,0.64,0.7,1.95,2.3,0.35,0.55
2/21/2012,0.13,1.8,0.7,3.86,0.63,0.7,2,2.6,0.32,0.55
2/22/2012,0.13,1.8,0.7,3.88,0.62,0.7,2,2.6,0.3,0.57
2/23/2012,0.12,1.81,0.7,3.88,0.62,0.7,2,2.61,0.3,0.6
2/24/2012,0.12,1.81,0.7,3.9,0.6,0.7,2,2.7,0.3,0.6
2/27/2012,0.12,1.81,0.71,3.91,0.6,0.7,2,2.7,0.3,0.6
2/28/2012,0.12,1.8,0.72,4,0.59,0.7,2,2.7,0.3,0.6
2/29/2012,0.12,1.8,0.7,4,0.6,0.7,1.95,2.7,0.3,0.6
3/1/2012,0.12,1.8,0.7,3.91,0.6,0.7,1.95,2.7,0.3,0.5
3/2/2012,0.12,1.8,0.69,3.9,0.6,0.7,1.94,2.7,0.3,0.5
3/5/2012,0.12,1.8,0.7,3.9,0.6,0.6,1.95,2.7,0.31,0.5
3/6/2012,0.13,1.85,0.7,3.9,0.61,0.6,1.95,2.7,0.31,0.5
3/7/2012,0.13,1.83,0.7,3.9,0.61,0.6,1.95,2.7,0.3,0.5
3/8/2012,0.13,1.83,0.7,3.9,0.61,0.6,1.95,2.7,0.3,0.5
3/9/2012,0.13,1.83,0.7,3.9,0.61,0.6,1.95,2.6,0.3,0.5
3/12/2012,0.13,1.8,0.7,3.9,0.61,0.6,1.94,2.65,0.3,0.5
3/13/2012,0.13,1.8,0.7,3.9,0.6,0.6,1.93,2.65,0.28,0.47
3/14/2012,0.13,1.78,0.7,3.9,0.59,0.6,1.89,2.65,0.27,0.47
3/15/2012,0.13,1.78,0.68,3.9,0.58,0.6,1.89,2.65,0.27,0.45
3/16/2012,0.13,1.78,0.68,3.9,0.59,0.61,1.89,2.65,0.27,0.45
3/19/2012,0.13,1.78,0.68,3.9,0.59,0.61,1.89,2.65,0.27,0.45
3/20/2012,0.13,1.8,0.68,3.9,0.59,0.65,1.89,2.65,0.27,0.45
3/21/2012,0.13,1.8,0.68,3.9,0.59,0.65,1.89,2.65,0.27,0.45
3/22/2012,0.13,1.8,0.7,3.85,0.58,0.65,1.89,2.65,0.27,0.45
3/23/2012,0.13,1.8,0.7,3.85,0.58,0.71,1.89,2.6,0.27,0.45
3/26/2012,0.13,1.8,0.7,3.83,0.58,0.71,1.89,2.6,0.27,0.5
3/27/2012,0.13,1.8,0.69,3.8,0.58,0.71,1.89,2.55,0.27,0.51
3/28/2012,0.13,1.8,0.68,3.75,0.58,0.71,1.89,2.55,0.27,0.5
3/29/2012,0.13,1.8,0.66,3.8,0.58,0.71,1.9,2.5,0.27,0.5
3/30/2012,0.13,1.8,0.68,3.8,0.58,0.71,1.94,2.45,0.27,0.5
4/2/2012,0.13,1.8,0.68,3.8,0.58,0.71,1.94,2.45,0.27,0.5
4/3/2012,0.13,1.8,0.67,3.8,0.58,0.71,1.94,2.4,0.27,0.5
4/4/2012,0.13,1.85,0.67,3.85,0.58,0.71,1.94,2.4,0.27,0.55
4/5/2012,0.13,1.85,0.68,3.8,0.57,0.71,1.97,2.4,0.27,0.6
4/10/2012,0.13,1.85,0.68,3.85,0.58,0.71,1.97,2.4,0.27,0.58
4/11/2012,0.13,1.9,0.68,3.8,0.58,0.71,1.97,2.4,0.27,0.58
4/12/2012,0.13,1.9,0.68,3.75,0.58,0.71,1.97,2.5,0.27,0.58
4/13/2012,0.13,1.9,0.68,3.8,0.58,0.71,2.01,2.5,0.27,0.58
4/16/2012,0.13,1.9,0.68,3.8,0.58,0.6,2.01,2.51,0.27,0.58
4/17/2012,0.13,1.95,0.68,3.75,0.57,0.6,1.76,2.51,0.27,0.58
4/19/2012,0.13,1.95,0.69,3.75,0.57,0.6,1.76,2.6,0.27,0.55
4/20/2012,0.13,1.96,0.7,3.75,0.56,0.6,1.76,2.6,0.27,0.55
4/23/2012,0.12,1.96,0.7,3.75,0.56,0.6,1.76,2.61,0.27,0.58
4/24/2012,0.12,1.97,0.69,3.74,0.56,0.6,1.55,2.61,0.27,0.55
4/25/2012,0.12,2.15,0.68,3.7,0.56,0.6,1.55,2.6,0.3,0.55
4/26/2012,0.12,2.15,0.68,3.7,0.56,0.6,1.55,2.6,0.3,0.58
4/27/2012,0.12,2.15,0.68,3.76,0.56,0.6,1.55,2.6,0.3,0.58
4/30/2012,0.12,2.15,0.68,3.79,0.55,0.6,1.55,2.6,0.29,0.59
5/2/2012,0.12,2.01,0.68,3.85,0.54,0.6,1.54,2.61,0.29,0.59
5/3/2012,0.12,2.01,0.7,3.85,0.54,0.6,1.5,2.61,0.29,0.56
5/4/2012,0.12,2.01,0.69,3.9,0.54,0.6,1.5,2.6,0.27,0.56
5/7/2012,0.12,2.01,0.7,4,0.54,0.6,1.5,2.6,0.27,0.56
5/8/2012,0.1,2.05,0.7,4,0.53,0.6,1.41,2.6,0.27,0.56
5/9/2012,0.1,2.06,0.7,4,0.53,0.6,1.42,2.6,0.26,0.56
5/10/2012,0.1,2.1,0.7,4,0.53,0.6,1.42,2.6,0.26,0.56
5/11/2012,0.1,2.15,0.7,4.05,0.53,0.6,1.44,2.6,0.26,0.53
5/14/2012,0.1,2.2,0.7,4.06,0.54,0.5,1.44,2.6,0.26,0.5
5/15/2012,0.1,2.25,0.7,4.06,0.54,0.5,1.44,2.6,0.26,0.49
5/16/2012,0.1,2.4,0.7,4.1,0.54,0.5,1.44,2.6,0.26,0.49
5/17/2012,0.1,2.4,0.7,4.2,0.54,0.5,1.44,2.6,0.26,0.49
5/18/2012,0.1,2.4,0.7,4.2,0.55,0.5,1.45,2.6,0.25,0.49
5/21/2012,0.1,2.4,0.7,4.2,0.58,0.5,1.45,2.6,0.26,0.49
5/22/2012,0.11,2.4,0.7,4.2,0.61,0.52,1.45,2.6,0.25,0.49
5/23/2012,0.11,2.4,0.7,4.2,0.61,0.52,1.45,2.6,0.26,0.5
5/24/2012,0.11,2.4,0.7,4.2,0.6,0.52,1.45,2.6,0.26,0.5
5/28/2012,0.11,2.4,0.69,4.2,0.6,0.57,1.45,2.6,0.26,0.5
5/29/2012,0.11,2.4,0.69,4.14,0.6,0.57,1.45,2.6,0.26,0.5
5/30/2012,0.11,2.4,0.69,4.2,0.58,0.62,1.45,2.6,0.25,0.5
5/31/2012,0.12,2.4,0.69,4.2,0.57,0.62,1.45,2.6,0.25,0.5
6/1/2012,0.12,2.4,0.68,4.2,0.57,0.62,1.46,2.6,0.25,0.5
6/4/2012,0.12,2.4,0.68,4.1,0.57,0.62,1.46,2.6,0.25,0.48
6/5/2012,0.12,2.4,0.68,4.15,0.57,0.62,1.46,2.6,0.25,0.45
6/6/2012,0.12,2.4,0.68,4.1,0.57,0.62,1.46,2.6,0.25,0.45
6/7/2012,0.12,2.4,0.67,4.12,0.57,0.59,1.47,2.6,0.25,0.45
6/8/2012,0.12,2.4,0.67,4.2,0.57,0.59,1.48,2.6,0.25,0.45
6/11/2012,0.11,2.4,0.67,4.2,0.57,0.59,1.51,2.6,0.25,0.45
6/12/2012,0.11,2.4,0.66,4.2,0.57,0.59,1.51,2.6,0.25,0.45
6/13/2012,0.11,2.4,0.65,4.2,0.57,0.59,1.51,2.6,0.25,0.45
6/14/2012,0.11,2.6,0.65,4.2,0.57,0.59,1.51,2.6,0.25,0.4
6/15/2012,0.11,2.6,0.65,4.16,0.57,0.59,1.51,2.6,0.25,0.4
6/18/2012,0.11,2.6,0.65,4.16,0.57,0.59,1.53,2.6,0.25,0.4
6/19/2012,0.11,2.63,0.65,4.16,0.56,0.59,1.55,2.6,0.25,0.4
6/20/2012,0.11,2.63,0.65,4.16,0.55,0.59,1.55,2.6,0.25,0.4
6/21/2012,0.12,2.63,0.65,4.16,0.55,0.53,1.57,2.6,0.25,0.4
6/22/2012,0.12,2.63,0.65,4.16,0.55,0.53,1.57,2.55,0.25,0.4
6/25/2012,0.12,2.63,0.65,4.16,0.55,0.53,1.57,2.55,0.25,0.31
6/26/2012,0.12,2.63,0.65,4.2,0.55,0.53,1.57,2.55,0.25,0.29
6/27/2012,0.11,2.63,0.65,4.2,0.54,0.53,1.57,2.55,0.25,0.3
6/28/2012,0.11,2.63,0.65,4.25,0.54,0.53,1.57,2.55,0.25,0.3
6/29/2012,0.11,2.63,0.65,4.3,0.54,0.53,1.57,2.55,0.23,0.3
7/2/2012,0.11,2.63,0.65,4.3,0.54,0.53,1.66,2.55,0.23,0.3
7/3/2012,0.11,2.63,0.65,4.3,0.54,0.53,1.66,2.4,0.23,0.3
7/4/2012,0.11,2.63,0.66,4.3,0.55,0.5,1.65,2.4,0.23,0.3
7/5/2012,0.11,2.63,0.66,4.3,0.55,0.5,1.65,2.25,0.23,0.3
7/6/2012,0.11,2.63,0.66,4.3,0.56,0.5,1.65,2.25,0.23,0.32
7/9/2012,0.11,2.63,0.66,4.3,0.56,0.5,1.65,2.25,0.23,0.32
7/10/2012,0.11,2.63,0.66,4.3,0.56,0.5,1.65,2.25,0.23,0.35
7/11/2012,0.11,2.7,0.66,4.28,0.56,0.5,1.65,2.25,0.23,0.4
7/12/2012,0.11,2.7,0.66,4.28,0.56,0.5,1.6,2.25,0.23,0.4
7/13/2012,0.11,2.7,0.66,4.2,0.56,0.45,1.6,2.03,0.23,0.4
7/16/2012,0.11,2.7,0.66,4.2,0.56,0.5,1.59,2.03,0.23,0.4
7/17/2012,0.11,2.7,0.66,4.23,0.56,0.47,1.57,2.05,0.23,0.4
7/18/2012,0.11,2.7,0.67,4.23,0.56,0.47,1.57,2.06,0.23,0.4
7/19/2012,0.11,2.7,0.68,4.23,0.56,0.47,1.57,2.1,0.23,0.4
7/20/2012,0.11,2.7,0.68,4.25,0.57,0.47,1.57,2.1,0.23,0.47
7/23/2012,0.11,2.7,0.68,4.25,0.58,0.47,1.57,2.1,0.23,0.5
7/24/2012,0.11,2.7,0.68,4.25,0.58,0.47,1.55,2.11,0.23,0.5
7/25/2012,0.11,2.7,0.68,4.25,0.58,0.47,1.55,2.16,0.23,0.55
7/26/2012,0.11,2.7,0.68,4.25,0.58,0.47,1.55,2.16,0.23,0.55
7/27/2012,0.11,2.75,0.68,4.28,0.59,0.47,1.55,2.16,0.23,0.57
7/30/2012,0.11,2.75,0.68,4.28,0.59,0.47,1.55,2.16,0.23,0.6
7/31/2012,0.11,2.9,0.68,4.29,0.59,0.47,1.55,2.16,0.23,0.6
8/1/2012,0.12,2.9,0.68,4.29,0.58,0.47,1.55,2.17,0.23,0.6
8/2/2012,0.12,2.9,0.68,4.29,0.58,0.51,1.55,2.17,0.23,0.57
8/3/2012,0.12,2.9,0.68,4.29,0.58,0.51,1.56,2.17,0.23,0.57
8/6/2012,0.12,3,0.68,4.29,0.58,0.55,1.55,2.17,0.22,0.57
8/7/2012,0.12,3,0.68,4.27,0.58,0.55,1.55,2.17,0.22,0.57
8/8/2012,0.12,3.1,0.68,4.26,0.58,0.55,1.55,2.17,0.22,0.49
8/9/2012,0.12,3.1,0.68,4.2,0.56,0.55,1.55,2.17,0.22,0.5
8/10/2012,0.12,3.15,0.68,4.18,0.56,0.55,1.55,2.17,0.22,0.5
8/15/2012,0.12,3.15,0.68,4.18,0.56,0.55,1.55,2.17,0.22,0.5
8/16/2012,0.12,3.2,0.68,4.18,0.56,0.55,1.5,2.17,0.22,0.5
8/17/2012,0.12,3.3,0.68,4.15,0.56,0.55,1.5,2.17,0.22,0.5
8/20/2012,0.12,3.3,0.68,4.15,0.55,0.54,1.5,2.18,0.22,0.5
8/21/2012,0.13,3.3,0.68,4.15,0.54,0.54,1.5,2.2,0.22,0.5
8/22/2012,0.13,3.3,0.68,4.15,0.54,0.54,1.5,2.2,0.22,0.5
8/23/2012,0.13,3.3,0.68,4.15,0.54,0.54,1.5,2.2,0.22,0.5
8/24/2012,0.13,3.3,0.68,4.15,0.54,0.54,1.5,2.2,0.22,0.5
8/27/2012,0.14,3.3,0.68,4.15,0.54,0.54,1.51,2.21,0.22,0.5
8/28/2012,0.15,3.3,0.69,4.15,0.54,0.54,1.55,2.21,0.22,0.5
8/29/2012,0.15,3.3,0.7,4.18,0.54,0.54,1.55,2.25,0.22,0.5
8/30/2012,0.16,3.3,0.7,4.18,0.55,0.54,1.57,2.3,0.22,0.5
8/31/2012,0.15,3.3,0.71,4.18,0.55,0.54,1.57,2.3,0.22,0.5
9/3/2012,0.15,3.3,0.71,4.2,0.55,0.54,1.56,2.3,0.22,0.5
9/4/2012,0.15,3.3,0.76,4.2,0.57,0.54,1.56,2.3,0.22,0.5
9/5/2012,0.15,3.3,0.76,4.25,0.57,0.54,1.56,2.3,0.22,0.5
9/6/2012,0.15,3.3,0.75,4.25,0.59,0.54,1.56,2.3,0.22,0.5
9/7/2012,0.16,3.3,0.75,4.25,0.6,0.54,1.56,2.3,0.22,0.5
9/10/2012,0.16,3.4,0.75,4.25,0.6,0.54,1.6,2.3,0.22,0.5
9/11/2012,0.16,3.5,0.75,4.25,0.62,0.54,1.65,2.3,0.21,0.5
9/12/2012,0.16,3.65,0.75,4.3,0.65,0.54,1.65,2.3,0.21,0.5
9/13/2012,0.16,3.65,0.75,4.3,0.65,0.54,1.65,2.3,0.21,0.51
9/14/2012,0.16,3.65,0.75,4.3,0.65,0.75,1.66,2.3,0.21,0.51
9/17/2012,0.16,3.65,0.75,4.3,0.7,0.8,1.66,2.3,0.21,0.51
9/18/2012,0.16,3.85,0.75,4.3,0.7,0.82,1.7,2.35,0.2,0.51
9/19/2012,0.17,4,0.75,4.3,0.66,0.82,1.7,2.3,0.2,0.51
9/20/2012,0.17,4,0.75,4.35,0.66,0.83,1.7,2.3,0.2,0.51
9/21/2012,0.17,4,0.75,4.35,0.66,0.83,1.71,2.4,0.2,0.56
9/24/2012,0.17,4,0.75,4.35,0.66,0.83,1.7,2.35,0.2,0.56
9/25/2012,0.17,4.1,0.75,4.35,0.66,0.83,1.7,2.35,0.2,0.64
9/26/2012,0.18,4.2,0.75,4.35,0.66,0.83,1.7,2.35,0.19,0.67
9/27/2012,0.19,4.35,0.76,4.37,0.67,0.9,1.7,2.35,0.19,0.66
9/28/2012,0.19,4.35,0.78,4.41,0.67,0.9,1.73,2.35,0.19,0.66
10/1/2012,0.19,4.35,0.8,4.41,0.68,0.9,1.73,2.35,0.19,0.66
10/2/2012,0.21,4.45,0.81,4.41,0.7,0.9,1.74,2.35,0.19,0.66
10/3/2012,0.21,4.45,0.81,4.5,0.7,0.9,1.76,2.35,0.18,0.6
10/4/2012,0.21,4.47,0.83,4.55,0.71,0.9,1.76,2.4,0.18,0.61
10/5/2012,0.21,4.47,0.84,4.75,0.72,0.9,1.76,2.4,0.18,0.61
10/8/2012,0.21,4.47,0.85,4.75,0.72,0.8,1.76,2.4,0.18,0.63
10/9/2012,0.21,4.45,0.85,4.75,0.73,0.85,1.75,2.4,0.18,0.65
10/10/2012,0.21,4.45,0.85,4.75,0.74,0.85,1.7,2.45,0.18,0.66
10/11/2012,0.21,4.45,0.85,4.8,0.75,0.85,1.62,2.4,0.18,0.66
10/12/2012,0.21,4.45,0.88,4.8,0.76,0.85,1.62,2.4,0.18,0.66
10/15/2012,0.21,4.45,0.88,4.85,0.76,0.85,1.62,2.4,0.18,0.62
10/16/2012,0.21,4.45,0.88,4.85,0.77,0.85,1.65,2.4,0.18,0.62
10/17/2012,0.18,4.45,0.88,4.88,0.78,0.85,1.65,2.4,0.18,0.6
10/18/2012,0.18,4.45,0.9,4.91,0.8,0.85,1.66,2.4,0.19,0.6
10/19/2012,0.21,4.45,0.93,4.91,0.8,0.85,1.65,2.4,0.19,0.6
10/22/2012,0.21,4.5,0.92,4.91,0.81,0.85,1.67,2.45,0.19,0.6
10/23/2012,0.21,4.5,0.9,4.91,0.8,0.85,1.67,2.45,0.19,0.6
10/24/2012,0.21,4.5,0.87,5,0.8,0.85,1.67,2.45,0.19,0.6
10/25/2012,0.19,4.5,0.85,5.01,0.8,0.85,1.67,2.45,0.19,0.62
10/26/2012,0.19,4.5,0.85,4.8,0.76,0.85,1.67,2.5,0.19,0.64
10/29/2012,0.19,4.5,0.88,4.8,0.75,0.85,1.67,2.5,0.2,0.64
10/30/2012,0.19,4.5,0.88,4.8,0.74,0.85,1.68,2.5,0.22,0.64
10/31/2012,0.19,4.5,0.9,4.8,0.74,0.85,1.68,2.5,0.22,0.64
11/1/2012,0.19,4.5,0.93,4.8,0.74,0.85,1.7,2.5,0.22,0.66
11/2/2012,0.19,4.5,0.93,4.8,0.74,0.75,1.73,2.5,0.18,0.67
11/5/2012,0.19,4.5,0.93,4.8,0.74,0.7,1.73,2.5,0.18,0.67
11/6/2012,0.19,4.5,0.93,4.8,0.74,0.7,1.73,2.35,0.18,0.63
11/7/2012,0.19,4.5,0.94,4.8,0.74,0.7,1.73,2.35,0.18,0.62
11/8/2012,0.19,4.5,0.94,4.8,0.74,0.7,1.73,2.35,0.18,0.6
11/9/2012,0.19,4.5,0.95,4.8,0.74,0.7,1.73,2.35,0.18,0.6
11/12/2012,0.2,4.5,0.95,4.8,0.74,0.7,1.73,2.35,0.19,0.6
11/13/2012,0.2,4.5,0.96,4.8,0.73,0.7,1.69,2.35,0.19,0.6
11/14/2012,0.18,4.5,0.96,4.8,0.73,0.7,1.69,2.3,0.19,0.6
11/15/2012,0.18,4.5,0.95,4.8,0.72,0.7,1.7,2.25,0.19,0.55
11/16/2012,0.18,4.5,0.95,4.8,0.72,0.7,1.69,2.25,0.17,0.55
11/19/2012,0.18,4.5,0.95,4.81,0.71,0.7,1.68,2.25,0.17,0.54
11/20/2012,0.15,4.5,0.95,4.81,0.71,0.7,1.65,2.25,0.17,0.54
11/21/2012,0.15,4.5,0.95,4.86,0.71,0.7,1.63,2.25,0.18,0.5
11/22/2012,0.15,4.5,0.95,4.86,0.7,0.7,1.63,2.25,0.18,0.51
11/23/2012,0.15,4.5,0.93,4.9,0.7,0.7,1.65,2.25,0.18,0.51
11/26/2012,0.15,4.5,0.93,4.91,0.7,0.7,1.65,2.4,0.18,0.51
11/27/2012,0.15,4.5,0.93,4.91,0.68,0.7,1.65,2.4,0.18,0.51
11/28/2012,0.15,4.5,0.93,4.92,0.69,0.7,1.65,2.4,0.18,0.58
11/29/2012,0.15,4.5,0.93,4.9,0.69,0.7,1.65,2.4,0.17,0.6
11/30/2012,0.15,4.5,0.93,4.85,0.69,0.7,1.65,2.4,0.17,0.55
12/3/2012,0.15,4.5,0.93,4.85,0.69,0.7,1.65,2.4,0.17,0.55
12/4/2012,0.15,4.5,0.94,4.85,0.69,0.7,1.6,2.4,0.17,0.55
12/5/2012,0.15,4.5,0.95,4.8,0.69,0.7,1.6,2.05,0.18,0.55
12/6/2012,0.15,4,0.95,4.8,0.69,0.7,1.6,2.06,0.18,0.55
12/7/2012,0.15,4,0.95,4.8,0.69,0.7,1.6,2.06,0.18,0.55
12/10/2012,0.15,3.9,0.95,4.7,0.69,0.7,1.6,2.05,0.18,0.55
12/11/2012,0.15,3.9,0.95,4.7,0.71,0.7,1.58,2.05,0.18,0.55
12/12/2012,0.15,3.9,0.95,4.68,0.71,0.7,1.52,2,0.18,0.55
12/13/2012,0.15,3.9,0.95,4.65,0.7,0.7,1.52,1.9,0.18,0.55
12/14/2012,0.15,3.9,0.95,4.61,0.7,0.7,1.52,1.95,0.18,0.55
12/17/2012,0.15,3.78,0.94,4.6,0.7,0.7,1.52,1.9,0.18,0.55
12/18/2012,0.15,3.78,0.94,4.6,0.7,0.7,1.5,1.95,0.18,0.55
12/19/2012,0.15,3.78,0.95,4.58,0.7,0.7,1.51,1.95,0.17,0.52
12/20/2012,0.15,3.5,0.95,4.5,0.71,0.7,1.51,1.95,0.17,0.52
12/21/2012,0.15,3.5,0.95,4.45,0.71,0.7,1.51,1.95,0.17,0.52
12/27/2012,0.15,3.5,0.97,4.5,0.7,0.7,1.51,1.97,0.17,0.52
12/28/2012,0.15,3.6,1,4.5,0.7,0.7,1.52,1.97,0.17,0.52
12/31/2012,0.15,3.6,1,4.5,0.7,0.7,1.52,2,0.17,0.52
1/2/2013,0.15,3.6,0.99,4.45,0.7,0.7,1.52,2,0.17,0.52
1/3/2013,0.14,3.6,1,4.45,0.72,0.7,1.55,2.01,0.17,0.52
1/4/2013,0.14,3.6,1,4.45,0.73,0.7,1.55,2.01,0.17,0.55
1/7/2013,0.14,3.6,1,4.45,0.75,0.7,1.55,2.01,0.18,0.55
1/8/2013,0.14,3.6,1,4.55,0.75,0.7,1.58,2.01,0.18,0.55
1/9/2013,0.14,3.6,1.02,4.6,0.75,0.55,1.65,2.1,0.17,0.55
1/10/2013,0.14,3.6,1.05,4.66,0.76,0.7,1.65,2.08,0.18,0.58
1/11/2013,0.14,3.6,1.08,4.8,0.76,0.55,1.65,2.1,0.18,0.58
1/14/2013,0.14,4,1.08,4.8,0.76,0.55,1.65,2.1,0.18,0.58
1/15/2013,0.14,4,1.08,4.85,0.77,0.6,1.65,2.1,0.18,0.58
1/16/2013,0.14,4,1.08,5.06,0.78,0.6,1.65,2.1,0.18,0.58
1/17/2013,0.14,4.2,1.1,5.1,0.79,0.6,1.7,2.1,0.18,0.58
1/18/2013,0.14,4.2,1.14,5.2,0.79,0.6,1.7,2.1,0.18,0.58
1/21/2013,0.14,4.2,1.14,5.2,0.79,0.6,1.7,2.1,0.18,0.58
1/22/2013,0.14,4.21,1.15,5.2,0.8,0.6,1.74,2.1,0.18,0.58
1/23/2013,0.14,4.21,1.16,5.2,0.81,0.7,1.74,2.1,0.18,0.55
1/24/2013,0.14,4.5,1.16,5.2,0.82,0.7,1.74,2.1,0.18,0.55
1/25/2013,0.14,4.6,1.16,5.2,0.82,0.7,1.74,2.1,0.18,0.55
1/28/2013,0.15,4.6,1.18,5.35,0.83,0.7,1.75,2.11,0.18,0.55
1/29/2013,0.15,4.7,1.19,5.35,0.83,0.7,1.8,2.11,0.18,0.5
1/30/2013,0.15,4.7,1.22,5.45,0.88,0.7,1.8,2.11,0.18,0.5
1/31/2013,0.15,5,1.26,5.6,0.91,0.7,1.8,2.11,0.2,0.5
2/1/2013,0.15,5,1.26,5.6,1,0.7,1.81,2.15,0.2,0.5
2/4/2013,0.15,5,1.25,6.1,1.03,0.7,1.82,2.17,0.2,0.5
2/5/2013,0.15,5,1.25,6.1,1.03,0.71,1.81,2.17,0.2,0.5
2/6/2013,0.15,5,1.25,6,1,0.71,1.84,2.28,0.2,0.5
2/7/2013,0.15,5,1.25,6,1,0.71,1.85,2.28,0.2,0.5
2/8/2013,0.15,5,1.25,6.1,0.98,0.71,1.85,2.28,0.2,0.5
2/11/2013,0.15,5.01,1.25,6.11,0.94,0.71,1.85,2.28,0.2,0.5
2/12/2013,0.15,5.05,1.25,6.2,0.98,0.71,1.86,2.28,0.2,0.5
2/13/2013,0.15,5.05,1.23,6.41,0.92,0.7,1.86,2.28,0.2,0.5
2/14/2013,0.15,5.05,1.23,6.5,0.92,0.7,1.86,2.4,0.2,0.5
2/15/2013,0.15,5.05,1.23,6.5,0.92,0.7,1.87,2.45,0.2,0.4
2/18/2013,0.15,5.05,1.23,6.5,0.85,0.7,1.87,2.45,0.19,0.5
2/19/2013,0.15,5.05,1.23,6.52,0.9,0.7,1.87,2.5,0.19,0.5
2/20/2013,0.15,5.05,1.25,6.55,1,0.7,1.89,2.5,0.19,0.5
2/21/2013,0.15,5.5,1.25,6.6,1,0.7,1.89,2.6,0.19,0.5
2/22/2013,0.17,5.75,1.25,0.68,0.95,0.7,1.89,2.5,0.19,0.5
2/25/2013,0.17,6.25,1.25,6.77,0.9,0.7,1.89,2.5,0.19,0.5
2/26/2013,0.17,6.25,1.2,6.9,0.92,0.73,1.89,2.5,0.19,0.5
2/27/2013,0.16,7,1.14,7.1,0.93,0.7,1.9,2.6,0.16,0.5
2/28/2013,0.16,7.25,1.1,7.1,0.93,0.7,1.9,2.6,0.16,0.5
3/1/2013,0.16,7.25,1.13,0.72,0.93,0.7,2.01,2.6,0.16,0.5
3/4/2013,0.2,7.25,1.15,0.76,0.93,0.7,2.01,2.6,0.16,0.5
3/5/2013,0.21,7.25,1.16,0.77,0.95,0.7,2.02,2.7,0.16,0.45
3/6/2013,0.21,7.25,1.18,0.77,0.95,0.7,2.1,2.8,0.16,0.45
3/7/2013,0.21,7.3,1.2,0.74,0.9,0.7,2.15,2.7,0.16,0.5
3/8/2013,0.21,7.3,1.21,0.73,0.9,0.7,2.2,2.7,0.16,0.5
3/11/2013,0.22,7.3,1.21,0.7,0.9,0.7,2.2,2.7,0.16,0.45
3/12/2013,0.22,7.35,1.22,0.65,0.9,0.7,2.24,2.7,0.16,0.45
3/13/2013,0.22,7.35,1.23,0.65,0.89,0.7,2.3,2.7,0.16,0.45
3/14/2013,0.22,7.35,1.23,0.61,0.85,0.75,2.3,2.7,0.16,0.45
3/15/2013,0.22,7.3,1.23,0.65,0.85,0.75,2.3,2.7,0.16,0.45
3/18/2013,0.22,7.25,1.22,0.65,0.84,0.75,2.25,2.7,0.14,0.45
3/19/2013,0.22,7.25,1.22,0.67,0.81,0.81,2.25,2.7,0.14,0.45
3/20/2013,0.22,7.25,1.22,0.67,0.81,0.9,2.25,2.7,0.14,0.45
3/21/2013,0.22,7.2,1.22,0.7,0.82,0.9,2.35,2.7,0.14,0.45
3/22/2013,0.22,7.2,1.22,0.7,0.83,0.9,2.35,2.7,0.11,0.45
3/25/2013,0.22,7.2,1.22,0.7,0.83,0.9,2.4,2.7,0.12,0.45
3/26/2013,0.22,7.2,1.15,0.7,0.84,0.9,2.4,2.7,0.12,0.45
3/27/2013,0.23,7.2,1.15,0.7,0.85,0.8,2.4,2.45,0.12,0.45
3/28/2013,0.23,7.2,1.15,0.7,0.85,0.9,2.4,2.45,0.12,0.45
4/2/2013,0.23,7.2,1.15,0.7,0.85,0.9,2.35,2.45,0.12,0.45
4/3/2013,0.23,7.2,1.15,0.7,0.87,0.9,2.35,2.35,0.13,0.45
4/4/2013,0.23,7.2,1.15,0.7,0.89,0.9,2.33,2.35,0.13,0.45
4/5/2013,0.23,7.2,1.16,0.69,0.9,0.9,2.33,2.35,0.13,0.45
4/8/2013,0.23,7.25,1.17,0.68,0.9,0.9,2.35,2.3,0.13,0.47
4/9/2013,0.23,7.3,1.22,0.68,0.9,0.8,2.35,2.3,0.13,0.47
4/10/2013,0.23,7.35,1.22,0.68,0.89,0.8,2.35,2.3,0.13,0.47
4/11/2013,0.23,7.35,1.23,0.67,0.87,0.8,2.35,2.2,0.12,0.45
4/12/2013,0.23,7.35,1.25,0.67,0.86,0.8,2.32,2.1,0.12,0.45
4/15/2013,0.23,7.35,1.25,0.66,0.86,0.8,2.3,2,0.12,0.45
4/16/2013,0.23,7.35,1.25,0.65,0.86,0.8,2.3,2.01,0.13,0.45
4/17/2013,0.23,7.51,1.25,0.65,0.86,0.8,2.3,2.09,0.13,0.45
4/19/2013,0.23,7.51,1.25,0.64,0.86,0.8,2.3,2.1,0.13,0.45
4/22/2013,0.23,7.51,1.25,0.64,0.86,0.8,2.25,2.1,0.13,0.45
4/23/2013,0.23,7.5,1.26,0.62,0.86,0.8,2.25,2.1,0.13,0.45
4/24/2013,0.23,7.5,1.26,0.61,0.86,0.8,2.25,2.13,0.13,0.45
4/25/2013,0.23,7.5,1.26,0.61,0.86,0.8,2.25,2.15,0.13,0.45
4/26/2013,0.23,7.5,1.26,0.61,0.86,0.8,2.25,2.2,0.13,0.45
4/29/2013,0.23,7.55,1.27,0.61,0.86,0.9,2.25,2.2,0.13,0.45
4/30/2013,0.23,7.55,1.27,0.61,0.86,0.9,2.3,2.5,0.13,0.45
5/2/2013,0.23,7.6,1.28,0.62,0.86,0.9,2.25,2.5,0.13,0.45
5/3/2013,0.23,7.6,1.28,0.66,0.87,0.9,2.25,2.5,0.14,0.45
5/6/2013,0.23,7.6,1.3,0.67,0.89,0.9,2.25,2.5,0.14,0.45
5/7/2013,0.23,7.6,1.3,0.68,0.91,0.9,2.3,2.5,0.14,0.45
5/8/2013,0.23,7.6,1.35,0.72,0.91,0.85,2.3,2.35,0.14,0.46
5/9/2013,0.23,7.6,1.35,0.75,0.92,0.85,2.31,2.35,0.14,0.46
5/10/2013,0.23,7.6,1.35,0.75,0.93,0.85,2.4,2.3,0.15,0.47
5/13/2013,0.23,7.6,1.36,0.72,0.93,0.85,2.4,2.3,0.15,0.47
5/14/2013,0.23,8,1.36,0.7,0.93,0.85,2.4,2.7,0.15,0.47
5/15/2013,0.23,8,1.35,0.7,0.93,0.85,2.42,2.72,0.15,0.47
5/16/2013,0.2,8,1.36,0.71,0.93,0.86,2.42,2.73,0.15,0.47
5/17/2013,0.2,8.1,1.43,0.7,0.93,0.86,2.4,2.73,0.16,0.5
5/20/2013,0.2,8.2,1.43,0.7,0.93,0.86,2.4,2.73,0.15,0.5
5/21/2013,0.2,8.3,1.42,0.7,0.93,0.86,2.4,2.73,0.15,0.5
5/22/2013,0.21,8.35,1.45,0.7,0.93,0.86,2.4,2.55,0.15,0.5
5/23/2013,0.25,8.25,1.45,0.7,0.93,0.86,2.4,2.5,0.16,0.5
5/24/2013,0.26,8.25,1.45,0.7,0.93,0.86,2.4,2.5,0.16,0.5
5/27/2013,0.26,8.25,1.45,0.7,0.92,0.86,2.4,2.5,0.16,0.5
5/28/2013,0.26,8.25,1.45,0.7,0.93,0.86,2.4,2.75,0.16,0.5
5/29/2013,0.26,8.25,1.45,0.7,0.92,0.86,2.4,2.75,0.16,0.5
5/30/2013,0.26,8.27,1.45,0.73,0.92,0.86,2.4,2.75,0.16,0.5
5/31/2013,0.26,8.25,1.46,0.7,0.92,0.86,2.4,2.75,0.15,0.5
6/3/2013,0.26,8.27,1.46,0.68,0.9,0.86,2.4,2.75,0.16,0.5
6/4/2013,0.26,8.25,1.5,0.68,0.92,0.86,2.4,2.5,0.14,0.5
6/5/2013,0.26,8.25,1.51,0.68,0.93,0.86,2.4,2.5,0.14,0.5
6/6/2013,0.26,8.25,1.52,0.69,0.96,0.86,2.41,2.5,0.14,0.5
6/7/2013,0.26,8.3,1.55,0.69,1,0.86,2.41,2.5,0.16,0.5
6/10/2013,0.26,8.4,1.55,0.7,1.05,0.86,2.41,2.5,0.15,0.5
6/11/2013,0.26,8.75,1.57,0.7,1.1,1,2.41,2.5,0.15,0.5
6/12/2013,0.29,8.9,1.56,0.7,1,1,2.4,2.5,0.15,0.5
6/13/2013,0.29,9,1.51,0.7,1,1,2.4,2.5,0.16,0.5
6/14/2013,0.29,9,1.5,0.7,1,1,2.4,2.5,0.16,0.49
6/17/2013,0.31,9,1.49,0.7,1,1,2.39,2.53,0.16,0.5
6/18/2013,0.31,9,1.5,0.7,1,1,2.39,2.53,0.16,0.5
6/19/2013,0.31,9,1.49,0.7,0.99,1,2.39,2.55,0.16,0.5
6/20/2013,0.31,9,1.49,0.67,0.97,0.95,2.35,2.53,0.16,0.45
6/21/2013,0.31,9,1.49,0.65,0.94,0.95,2.35,2.51,0.16,0.45
6/24/2013,0.31,9,1.49,0.65,0.93,0.95,2.36,2.53,0.16,0.45
6/25/2013,0.31,9.1,1.48,0.64,0.91,1,2.36,2.51,0.18,0.45
6/26/2013,0.32,9.31,1.46,0.64,0.91,1,2.3,2.45,0.18,0.45
6/27/2013,0.32,9.85,1.43,0.64,0.91,1,2.3,2.45,0.18,0.45
6/28/2013,0.33,10,1.4,0.66,0.91,1,2.14,2.5,0.18,0.45
7/1/2013,0.33,10.5,1.39,0.66,0.92,1.01,2.14,2.5,0.18,0.45
7/2/2013,0.33,10.5,1.38,0.64,0.92,1.01,2.14,2.4,0.18,0.45
7/3/2013,0.33,10.5,1.4,0.64,0.92,1.01,2.1,2.4,0.16,0.45
7/4/2013,0.33,11.75,1.4,0.64,0.93,1.01,2.1,2.5,0.16,0.45
7/5/2013,0.33,12,1.41,0.66,0.94,1.05,2.2,2.5,0.16,0.45
7/8/2013,0.33,12,1.41,0.67,0.95,1.05,2.3,2.5,0.15,0.45
7/9/2013,0.33,12.75,1.43,0.67,0.96,1.05,2.3,2.5,0.15,0.4
7/10/2013,0.33,13,1.46,0.67,0.97,1.05,2.32,2.5,0.15,0.4
7/11/2013,0.33,13,1.46,0.68,0.97,1.05,2.33,2.5,0.15,0.4
7/12/2013,0.35,13,1.48,0.68,0.98,1.05,2.33,2.5,0.15,0.4
7/15/2013,0.35,13,1.48,0.68,1.01,1.05,2.33,2.5,0.18,0.4
7/16/2013,0.35,13,1.5,0.68,1.05,1.05,2.4,2.3,0.18,0.4
7/17/2013,0.35,13,1.48,0.68,1.06,1.05,2.4,2.3,0.18,0.4
7/18/2013,0.35,13,1.45,0.67,1.06,1.05,2.4,2.3,0.18,0.4
7/19/2013,0.35,14.02,1.44,0.67,1.1,1.2,2.4,2.3,0.18,0.4
7/22/2013,0.35,14.02,1.43,0.67,1.15,1.2,2.4,2.3,0.18,0.4
7/23/2013,0.36,14.02,1.43,0.67,1.15,1.15,2.35,2.3,0.18,0.4
7/24/2013,0.35,14.02,1.43,0.67,1.15,1.15,2.35,2.3,0.18,0.4
7/25/2013,0.35,14.02,1.43,0.67,1.15,1.15,2.3,2.3,0.18,0.4
7/26/2013,0.35,14.02,1.47,0.67,1.15,1.35,2.3,2.3,0.18,0.38
7/27/2013,0.35,14.25,1.5,0.68,1.1,1.35,2.36,2.3,0.18,0.38
7/29/2013,0.35,14.25,1.5,0.68,1.1,1.35,2.36,2.3,0.18,0.38
7/30/2013,0.35,14.25,1.5,0.68,1.05,1.35,2.39,2.3,0.18,0.4
8/1/2013,0.35,14.55,1.5,0.68,1.05,1.35,2.4,2.3,0.18,0.4
8/2/2013,0.35,14.75,1.5,0.68,1.05,1.35,2.42,2.3,0.18,0.4
8/5/2013,0.35,14.75,1.2,0.58,0.9,1.35,2.42,2.3,0.18,0.4
8/6/2013,0.35,14.75,1.2,0.55,0.9,1.35,2.5,2.2,0.18,0.4
8/7/2013,0.35,14.7,1.2,0.55,0.85,1.35,2.5,2.2,0.18,0.4
8/8/2013,0.3,14.7,1.2,0.55,0.85,1.35,2.5,2.2,0.18,0.35
8/9/2013,0.3,14.7,1.19,0.54,0.8,1.35,2.5,2.2,0.18,0.35
8/14/2013,0.3,14,1.14,0.53,0.8,1.05,2.4,2.15,0.18,0.35
8/15/2013,0.3,14,1.15,0.53,0.8,1.05,2.35,2.15,0.18,0.35
8/16/2013,0.3,12,1.15,0.53,0.8,1.1,2.35,2.3,0.11,0.35
8/19/2013,0.3,12,1.14,0.51,0.8,1.1,2.35,2.3,0.11,0.35
8/20/2013,0.3,10,1.14,0.5,0.8,1.1,2.35,2.32,0.11,0.35
8/21/2013,0.3,10,1.13,0.5,0.8,1.1,2.35,2.32,0.11,0.35
8/23/2013,0.3,10,1.12,0.5,0.86,1.2,2.35,2.3,0.11,0.35
8/26/2013,0.3,10,1.11,0.5,0.86,1.2,2.35,2.3,0.11,0.35
8/27/2013,0.3,10,1.11,0.5,0.86,1.2,2.35,2.3,0.11,0.35
8/28/2013,0.3,10,1.1,0.49,0.82,1.2,2.35,2.3,0.11,0.35
8/29/2013,0.3,10,1.1,0.48,0.83,1.2,2.35,2.35,0.11,0.35
8/30/2013,0.3,10,1.1,0.49,0.82,1.2,2.35,2.35,0.11,0.35
9/2/2013,0.3,10,1.08,0.49,0.82,1.2,2.35,2.35,0.11,0.35
9/3/2013,0.3,10,1.05,0.49,0.8,1.2,2.3,2.35,0.11,0.35
9/4/2013,0.3,9.8,1.05,0.48,0.8,1.2,2.3,2.35,0.11,0.35
9/5/2013,0.3,9.8,1.02,0.48,0.8,1.2,2.3,2.35,0.11,0.35
9/6/2013,0.32,9.6,1.13,0.5,0.8,1.2,2.3,2.35,0.11,0.2
9/9/2013,0.32,9,1.2,0.5,0.81,1.2,2.3,2.35,0.11,0.2
9/10/2013,0.32,9.01,1.2,0.52,0.81,1.2,2.3,2.35,0.11,0.21
9/11/2013,0.32,9.01,1.27,0.55,0.81,1.2,2.25,2.35,0.11,0.21
9/12/2013,0.32,9.2,1.25,0.54,0.81,1.2,2.25,2.35,0.11,0.21
9/13/2013,0.32,10,1.2,0.54,0.81,1.2,2.25,2.35,0.11,0.21
9/16/2013,0.32,10,1.2,0.51,0.81,1.2,2.25,2.35,0.11,0.25
9/17/2013,0.32,10,1.2,0.5,0.81,1.2,2.25,2.35,0.11,0.25
9/18/2013,0.32,10.5,1.2,0.51,0.81,1.2,2.27,2.35,0.11,0.25
9/19/2013,0.32,11,1.19,0.52,0.81,1.2,2.28,2.35,0.11,0.25
9/20/2013,0.32,11,1.2,0.55,0.81,1.15,2.3,2.36,0.1,0.26
9/23/2013,0.32,11,1.2,0.55,0.82,1.15,2.34,2.4,0.1,0.26
9/24/2013,0.32,11,1.2,0.58,0.82,1.15,2.36,2.4,0.1,0.26
9/25/2013,0.32,11.2,1.2,0.6,0.82,1.15,2.36,2.4,0.1,0.26
9/26/2013,0.32,11.2,1.2,0.62,0.82,1.2,2.36,2.4,0.1,0.26
9/27/2013,0.32,11.5,1.23,0.62,0.82,1.2,2.36,2.4,0.1,0.26
9/30/2013,0.32,11.5,1.24,0.63,0.82,1.2,2.36,2.4,0.1,0.31
10/1/2013,0.32,12,1.25,0.63,0.82,1.2,2.38,2.5,0.1,0.31
10/2/2013,0.32,13,1.26,0.62,0.83,1.2,2.41,2.5,0.1,0.31
10/3/2013,0.32,13.5,1.3,0.62,0.83,1.2,2.4,2.53,0.11,0.3
10/4/2013,0.3,13.65,1.35,0.6,0.85,1.2,2.43,2.62,0.11,0.3
10/7/2013,0.3,13.5,1.35,0.6,0.87,1.2,2.48,2.6,0.11,0.35
10/8/2013,0.32,13,1.36,0.61,0.89,1.1,2.48,2.6,0.11,0.35
10/9/2013,0.32,13,1.36,0.61,0.89,1.15,2.48,2.6,0.11,0.33
10/10/2013,0.32,13,1.4,0.61,0.89,1.15,2.48,2.6,0.11,0.33
10/11/2013,0.32,13,1.4,0.64,0.89,1.15,2.48,2.6,0.11,0.33
10/14/2013,0.32,13,1.4,0.65,0.9,1.15,2.48,2.6,0.11,0.35
10/15/2013,0.32,13,1.4,0.65,0.9,1.15,2.48,2.45,0.11,0.35
10/16/2013,0.32,13,1.4,0.65,0.9,1.15,2.48,2.45,0.11,0.35
10/17/2013,0.32,13,1.4,0.65,0.9,1.15,2.48,2.47,0.12,0.35
10/18/2013,0.32,13,1.38,0.63,0.89,1.15,2.48,2.47,0.12,0.35
10/21/2013,0.32,13,1.35,0.63,0.89,1.15,2.48,2.47,0.12,0.33
10/22/2013,0.32,12.5,1.35,0.6,0.88,1.15,2.49,2.47,0.12,0.33
10/23/2013,0.32,12,1.35,0.6,0.87,1.15,2.49,2.47,0.11,0.32
10/24/2013,0.32,12,1.35,0.6,0.85,1.15,2.49,2.47,0.11,0.32
10/25/2013,0.32,12,1.35,0.6,0.85,1.15,2.49,2.47,0.11,0.3
10/28/2013,0.32,12,1.35,0.6,0.84,1.15,2.49,2.47,0.11,0.3
10/29/2013,0.32,11,1.35,0.6,0.82,1.16,2.55,2.47,0.12,0.3
10/30/2013,0.32,11.99,1.35,0.6,0.82,1.16,2.55,2.47,0.12,0.3
10/31/2013,0.32,11.99,1.35,0.61,0.83,1.16,2.56,2.47,0.12,0.3
11/1/2013,0.32,11.5,1.36,0.61,0.83,1.15,2.56,2.47,0.12,0.3
11/4/2013,0.32,11.5,1.36,0.63,0.83,1.15,2.56,2.47,0.14,0.3
11/5/2013,0.32,11.5,1.36,0.63,0.83,1.15,2.57,2.47,0.14,0.32
11/6/2013,0.32,12,1.36,0.62,0.83,1.15,2.57,2.47,0.14,0.32
11/7/2013,0.32,12,1.38,0.63,0.83,1.15,2.56,2.47,0.14,0.32
11/8/2013,0.32,12,1.4,0.63,0.84,1.15,2.6,2.5,0.14,0.32
11/11/2013,0.32,12,1.4,0.63,0.86,1.15,2.6,2.5,0.14,0.32
11/12/2013,0.32,12,1.43,0.63,0.86,1.15,2.65,2.51,0.1,0.32
11/13/2013,0.32,12,1.45,0.61,0.87,1.15,2.7,2.51,0.1,0.32
11/14/2013,0.32,12,1.46,0.61,0.87,1.15,2.75,2.5,0.1,0.32
11/15/2013,0.32,12.5,1.48,0.61,0.87,1.15,2.75,2.51,0.1,0.32
11/18/2013,0.32,12.5,1.51,0.61,0.87,1.15,2.75,2.5,0.1,0.32
11/19/2013,0.32,12.5,1.51,0.61,0.86,1.14,2.75,2.52,0.09,0.33
11/20/2013,0.32,12.5,1.51,0.62,0.86,1.14,2.75,2.52,0.09,0.32
11/21/2013,0.32,12.5,1.51,0.63,0.86,1.14,2.78,2.5,0.09,0.33
11/22/2013,0.32,12.5,1.51,0.63,0.85,1.14,2.8,2.52,0.09,0.33
11/25/2013,0.35,12.5,1.51,0.62,0.85,1.14,2.8,2.5,0.09,0.32
11/26/2013,0.35,12.8,1.53,0.62,0.84,1.14,2.75,2.5,0.09,0.32
11/27/2013,0.35,12.8,1.53,0.62,0.84,1.14,2.71,2.5,0.09,0.32
11/28/2013,0.35,12.8,1.5,0.62,0.84,1.14,2.71,2.5,0.09,0.32
11/29/2013,0.35,12.8,1.5,0.62,0.8,1.14,2.71,2.5,0.09,0.32
12/2/2013,0.35,12.8,1.51,0.63,0.8,1.14,2.71,2.5,0.09,0.32
12/3/2013,0.32,12.8,1.51,0.63,0.8,1.14,2.71,2.44,0.09,0.32
12/4/2013,0.32,12.8,1.5,0.63,0.8,1.14,2.71,2.45,0.07,0.32
12/5/2013,0.32,12.8,1.5,0.63,0.8,1.14,2.71,2.45,0.07,0.32
12/6/2013,0.32,12.8,1.49,0.63,0.77,1.14,2.71,2.45,0.07,0.32
12/9/2013,0.32,12.8,1.47,0.63,0.77,1.14,2.71,2.4,0.07,0.32
12/10/2013,0.32,12.8,1.47,0.63,0.77,1.14,2.71,2.4,0.07,0.32
12/11/2013,0.32,12.8,1.46,0.62,0.77,1.14,2.7,2.4,0.07,0.32
12/12/2013,0.32,12.8,1.45,0.62,0.77,1.14,2.7,2.45,0.07,0.32
12/13/2013,0.32,12.8,1.4,0.63,0.75,1.14,2.7,2.45,0.07,0.32
12/16/2013,0.32,12.8,1.35,0.63,0.75,1.14,2.7,2.45,0.07,0.33
12/17/2013,0.32,12,1.35,0.62,0.75,1.15,2.7,2.45,0.07,0.33
12/18/2013,0.32,12,1.35,0.62,0.75,1.15,2.7,2.4,0.07,0.33
12/19/2013,0.32,12,1.35,0.62,0.75,1.15,2.6,2.35,0.09,0.33
12/20/2013,0.32,12,1.4,0.62,0.8,1.1,2.55,2.3,0.09,0.33
12/24/2013,0.31,12,1.4,0.62,0.8,1.1,2.55,2.3,0.09,0.33
12/27/2013,0.31,12,1.4,0.6,0.8,1.1,2.55,2.35,0.09,0.33
12/30/2013,0.3,12,1.4,0.6,0.75,1.1,2.3,2.35,0.09,0.33
12/31/2013,0.3,12,1.4,0.6,0.88,1.1,2.53,2.4,0.09,0.33
1/2/2014,0.3,12,1.4,0.6,0.8,1.1,2.53,2.4,0.09,0.33
1/3/2014,0.3,12.01,1.38,0.6,0.8,1.1,2.5,2.4,0.09,0.33
1/6/2014,0.3,12.01,1.38,0.6,0.8,1.1,2.4,2.4,0.09,0.33
1/7/2014,0.3,12.8,1.39,0.61,0.8,1.1,2.4,2.4,0.09,0.33
1/8/2014,0.3,12.8,1.4,0.61,0.8,1.1,2.4,2.35,0.09,0.31
1/9/2014,0.3,12.8,1.41,0.61,0.8,1.1,2.4,2.35,0.09,0.31
1/10/2014,0.3,12.8,1.42,0.63,0.8,1.1,2.41,2.4,0.09,0.31
1/13/2014,0.31,12.8,1.42,0.64,0.8,1.1,2.42,2.35,0.09,0.31
1/14/2014,0.31,13.2,1.41,0.63,0.8,1.1,2.42,2.4,0.09,0.31
1/15/2014,0.3,13.2,1.4,0.62,0.8,1.1,2.42,2.45,0.06,0.31
1/16/2014,0.3,13.2,1.4,0.62,0.8,1.1,2.44,2.4,0.06,0.31
1/17/2014,0.3,13.2,1.39,0.62,0.8,1.1,2.45,2.42,0.06,0.31
1/20/2014,0.32,13.2,1.36,0.62,0.8,1.1,2.45,2.42,0.06,0.31
1/21/2014,0.31,13.5,1.34,0.62,0.8,1.1,2.45,2.45,0.06,0.31
1/22/2014,0.31,13.5,1.3,0.62,0.78,1.1,2.4,2.45,0.06,0.31
1/23/2014,0.31,13.5,1.28,0.6,0.78,1.1,2.4,2.45,0.06,0.31
1/24/2014,0.31,13.5,1.28,0.6,0.75,1.1,2.3,2.45,0.06,0.31
1/27/2014,0.31,13.5,1.25,0.6,0.75,1.1,2.4,2.45,0.06,0.31
1/28/2014,0.305,13.5,1.1698,0.6,0.7563,1.1,2.4,2.45,0.06,0.31
1/29/2014,0.305,13.51,1.16,0.6,0.7501,1.1,2.434,2.45,0.06,0.3
1/30/2014,0.305,13.5,1.18,0.6,0.75,1.1,2.4512,2.45,0.06,0.3
1/31/2014,0.31,13.5,1.19,0.6,0.75,1.1,2.45,2.45,0.06,0.3
2/3/2014,0.31,13.5,1.21,0.61,0.75,1.1,2.45,2.45,0.06,0.3
2/4/2014,0.31,13.7,1.24,0.61,0.75,1.1,2.45,2.45,0.06,0.3
2/5/2014,0.31,13.7,1.25,0.61,0.75,1.1,2.45,2.5,0.06,0.3
2/6/2014,0.32,13.7,1.26,0.61,0.75,1.1,2.43,2.5,0.06,0.3
2/7/2014,0.32,13.7,1.27,0.61,0.75,1.1,2.41,2.5,0.06,0.3
2/10/2014,0.32,13.7,1.27,0.61,0.75,1.1,2.41,2.5,0.06,0.3
2/11/2014,0.32,13.7,1.26,0.61,0.76,1.1,2.41,2.5001,0.07,0.22
2/12/2014,0.32,13.7,1.25,0.61,0.75,0.8,2.42,2.5,0.07,0.22
2/13/2014,0.32,13.7,1.23,0.62,0.76,0.8,2.42,2.55,0.07,0.22
2/14/2014,0.32,13.7,1.23,0.62,0.76,0.8,2.42,2.56,0.07,0.22
2/17/2014,0.32,0.2,1.24,0.62,0.76,0.8,2.42,2.56,0.07,0.22
2/18/2014,0.32,13.7,1.24,0.62,0.76,0.8,2.4201,2.56,0.07,0.22
2/19/2014,0.32,13.5,1.2479,0.62,0.78,0.8,2.4201,2.6,0.07,0.22
2/20/2014,0.3,13.5,1.25,0.64,0.78,0.8,2.43,2.6,0.07,0.22
2/21/2014,0.3,13.5,1.25,0.64,0.78,0.8,2.43,2.6,0.07,0.22
2/24/2014,0.3,13.5,1.24,0.6362,0.78,0.8,2.4255,2.61,0.07,0.22
2/25/2014,0.3,13.45,1.23,0.65,0.79,0.8,2.43,2.66,0.07,0.24
2/26/2014,0.3,13.4,1.22,0.65,0.78,0.8,2.43,2.67,0.07,0.25
2/27/2014,0.3,13.4,1.22,0.65,0.78,0.81,2.44,2.67,0.1,0.25
2/28/2014,0.3,13.4,1.22,0.65,0.78,0.81,2.45,2.67,0.1,0.25
3/3/2014,0.32,13.4,1.23,0.66,0.78,0.81,2.45,2.67,0.1,0.22
3/4/2014,0.32,13,1.23,0.66,0.78,0.81,2.47,2.67,0.1,0.22
3/5/2014,0.32,13,1.23,0.66,0.78,0.81,2.48,2.67,0.1,0.25
3/6/2014,0.31,13,1.23,0.66,0.75,0.81,2.48,2.67,0.05,0.25
3/7/2014,0.31,13,1.23,0.67,0.75,0.81,2.48,2.67,0.06,0.25
3/10/2014,0.31,12,1.22,0.67,0.74,0.81,2.48,2.67,0.06,0.25
3/11/2014,0.32,12,1.22,0.67,0.74,0.81,2.48,2.67,0.06,0.25
3/12/2014,0.33,12,1.22,0.65,0.73,0.81,2.48,2.67,0.05,0.25
3/13/2014,0.33,12,1.22,0.65,0.73,0.81,2.48,2.67,0.05,0.25
3/14/2014,0.33,12,1.22,0.65,0.72,0.81,2.5,2.67,0.05,0.25
3/17/2014,0.32,12.2,1.21,0.65,0.72,0.81,2.5,2.67,0.05,0.25
3/18/2014,0.32,12.2,1.2,0.65,0.72,0.85,2.55,2.67,0.05,0.25
3/19/2014,0.32,12.1,1.2,0.64,0.7,0.85,2.55,2.67,0.05,0.25
3/20/2014,0.32,12,1.19,0.63,0.69,0.85,2.55,2.67,0.05,0.25
3/21/2014,0.32,12,1.18,0.62,0.68,0.85,2.55,2.67,0.05,0.25
3/24/2014,0.3,11.5,1.16,0.6,0.65,0.85,2.55,2.67,0.05,0.25
3/25/2014,0.3,11.5,1.16,0.6,0.63,0.85,2.55,2.4,0.05,0.25
3/26/2014,0.3,11,1.15,0.6,0.62,0.85,2.55,2.4,0.05,0.25
3/27/2014,0.3,11,1.15,0.6,0.62,0.85,2.52,2.4,0.06,0.2
3/28/2014,0.3,11,1.15,0.61,0.62,0.85,2.55,2.3,0.06,0.2
3/31/2014,0.3,11,1.15,0.62,0.62,0.85,2.55,2.3,0.06,0.2
4/1/2014,0.3,11,1.15,0.63,0.62,0.85,2.5,2.3,0.06,0.2
4/2/2014,0.3,11,1.15,0.63,0.62,0.85,2.5,2.3,0.06,0.2
4/3/2014,0.3,11,1.15,0.63,0.62,0.85,2.5,2.31,0.06,0.2
4/4/2014,0.3,11,1.15,0.63,0.62,0.85,2.5,2.31,0.06,0.2
4/7/2014,0.3,11,1.15,0.63,0.62,0.85,2.5,2.3,0.06,0.2
4/8/2014,0.3,11,1.15,0.63,0.62,0.75,2.5,2.2,0.06,0.2
4/9/2014,0.3,11,1.15,0.63,0.62,0.75,2.43,2.2,0.06,0.2
4/10/2014,0.3,11,1.15,0.62,0.62,0.65,2.4,2.2,0.06,0.2
4/11/2014,0.35,11,1.1,0.62,0.62,0.65,2.4,2.2,0.06,0.2
4/14/2014,0.35,11,1.1,0.61,0.62,0.65,2.4,2.2,0.06,0.2
4/15/2014,0.35,10.52,1.08,0.6,0.6,0.65,2.4,2.2,0.06,0.2
4/16/2014,0.35,10.5,1.05,0.59,0.6,0.65,2.4,2.1,0.06,0.2
4/17/2014,0.35,10.5,1.05,0.59,0.6,0.65,2.45,2.1,0.06,0.2
4/22/2014,0.35,10.5,1.05,0.6,0.6,0.65,2.5,2.05,0.06,0.2
4/23/2014,0.35,10,1.08,0.6,0.61,0.65,2.54,2.05,0.06,0.2
4/24/2014,0.35,10,1.11,0.61,0.62,0.65,2.54,2.05,0.06,0.2
4/25/2014,0.33,10,1.11,0.61,0.63,0.65,2.54,2.05,0.06,0.2
4/28/2014,0.33,10,1.12,0.61,0.63,0.65,2.53,2.1,0.06,0.2
4/29/2014,0.33,10,1.12,0.62,0.63,0.65,2.5,2.1,0.06,0.2
4/30/2014,0.33,10,1.15,0.62,0.63,0.65,2.5,2.1,0.06,0.2
5/2/2014,0.33,10,1.16,0.62,0.64,0.65,2.5,2.1,0.06,0.2
5/5/2014,0.33,9.5,1.17,0.65,0.66,0.65,2.5,2.1,0.06,0.2
5/6/2014,0.33,10,1.2,0.66,0.66,0.65,2.5,2.01,0.06,0.2
5/7/2014,0.33,10,1.2,0.67,0.66,0.65,2.5,2.02,0.06,0.2
5/8/2014,0.33,10,1.19,0.66,0.66,0.65,2.5,2.05,0.06,0.2
5/9/2014,0.33,10,1.19,0.66,0.67,0.65,2.45,2.05,0.06,0.2
5/12/2014,0.3,9.3,1.19,0.66,0.67,0.65,2.45,2.05,0.06,0.2
5/13/2014,0.3,9.85,1.18,0.66,0.68,0.65,2.44,2.05,0.06,0.2
5/14/2014,0.3,9.85,1.18,0.66,0.69,0.65,2.45,2.05,0.06,0.2
5/15/2014,0.3,9.85,1.15,0.66,0.69,0.65,2.5,2.05,0.06,0.2
5/16/2014,0.3,9.85,1.15,0.66,0.7,0.65,2.5,2.05,0.05,0.2
5/19/2014,0.3,10,1.15,0.65,0.68,0.65,2.5,2.01,0.05,0.2
5/20/2014,0.3,10,1.15,0.64,0.68,0.65,2.5,2.01,0.05,0.2
5/21/2014,0.3,10,1.13,0.64,0.68,0.65,2.5,2.04,0.05,0.2
5/22/2014,0.3,10.25,1.15,0.64,0.69,0.65,2.5,2.04,0.05,0.2
5/23/2014,0.3,10.5,1.15,0.64,0.69,0.65,2.5,2.05,0.05,0.2
5/27/2014,0.3,10.75,1.15,0.64,0.69,0.65,2.47,2.05,0.05,0.2
5/28/2014,0.3,10.75,1.16,0.64,0.69,0.65,2.46,2.05,0.05,0.19
5/29/2014,0.3,11.2,1.17,0.64,0.7,0.65,2.47,2.05,0.05,0.19
5/30/2014,0.3,11.2,1.17,0.66,0.7,0.65,2.48,2.11,0.05,0.19
6/2/2014,0.3,11.2,1.17,0.66,0.71,0.65,2.48,2.1,0.05,0.15
6/3/2014,0.3,11.2,1.17,0.67,0.72,0.65,2.48,2.1,0.05,0.15
6/4/2014,0.32,11.2,1.17,0.68,0.73,0.65,2.48,2.13,0.05,0.15
6/5/2014,0.32,11.2,1.17,0.68,0.73,0.65,2.48,2.13,0.05,0.19
6/6/2014,0.32,11.2,1.17,0.69,0.74,0.65,2.48,2.16,0.05,0.19
6/9/2014,0.32,11.2,1.15,0.7,0.74,0.65,2.48,2.16,0.05,0.19
6/10/2014,0.32,12,1.15,71.00%,0.74,0.65,2.49,2.16,0.05,0.19
6/11/2014,0.32,12,1.15,0.71,0.76,0.65,2.49,2.16,0.05,0.19
6/12/2014,0.32,12,1.17,0.71,0.76,0.65,2.49,2.16,0.05,0.2
6/13/2014,0.32,12,1.17,0.72,0.76,0.65,2.51,2.16,0.05,0.2
6/16/2014,0.32,12,1.17,0.72,0.77,0.65,2.51,2.16,0.05,0.2
6/17/2014,0.32,12.1,1.17,0.72,0.78,0.65,2.53,2.16,0.05,0.2
6/18/2014,0.32,12.1,1.18,0.74,0.78,0.65,2.53,2.25,0.05,0.2
6/19/2014,0.32,12.25,1.21,0.74,0.78,0.65,2.6,2.25,0.05,0.2
6/20/2014,0.32,12.35,1.24,0.74,0.8,0.65,2.6,2.3,0.05,0.2
6/23/2014,0.32,12.5,1.25,0.74,0.81,0.65,2.6,2.3,0.05,0.2
6/24/2014,0.32,13,1.29,0.73,0.81,0.65,2.6,2.3,0.08,0.2
6/25/2014,0.32,13,1.29,0.73,0.81,0.65,2.6,2.3,0.08,0.2
6/26/2014,0.32,13,1.29,0.7,0.81,0.62,2.62,2.27,0.08,0.2
6/27/2014,0.32,13,1.29,0.67,0.81,0.63,2.62,2.27,0.08,0.2
6/30/2014,0.32,13,1.29,0.67,0.79,0.63,2.62,2.25,0.08,0.2
7/1/2014,0.32,13,1.3,0.67,0.77,0.63,2.6,2.25,0.05,0.2
7/2/2014,0.32,13,1.3,0.68,0.75,0.63,2.6,2.25,0.05,0.2
7/3/2014,0.35,13,1.3,0.7,0.74,0.63,2.55,2.25,0.05,0.2
7/4/2014,0.35,13,1.3,0.7,0.74,0.63,2.55,2.3,0.05,0.21
7/7/2014,0.35,13,1.3,0.7,0.74,0.63,2.55,2.3,0.05,0.21
7/8/2014,0.35,13,1.3,0.72,0.74,0.63,2.55,2.3,0.06,0.21
7/9/2014,0.35,13,1.3,0.73,0.74,0.63,2.56,2.3,0.06,0.21
7/10/2014,0.35,13,1.25,0.74,0.74,0.63,2.56,2.3,0.06,0.21
7/11/2014,0.35,13,1.25,0.74,0.74,0.63,2.56,2.3,0.06,0.21
7/14/2014,0.35,13,1.25,0.74,0.74,0.63,2.58,2.3,0.06,0.21
7/15/2014,0.35,13,1.25,0.74,0.74,0.63,2.58,2.3,0.06,0.21
7/16/2014,0.35,13,1.25,0.74,0.74,0.63,2.58,2.3,0.05,0.21
7/17/2014,0.32,13,1.25,0.75,0.74,0.55,2.58,2.3,0.05,0.21
7/18/2014,0.32,13,1.25,0.74,0.74,0.55,2.58,2.3,0.05,0.21
7/21/2014,0.32,13,1.25,0.73,0.74,0.55,2.58,2.3,0.05,0.2
7/22/2014,0.32,13,1.25,0.73,0.74,0.55,2.58,2.3,0.05,0.2
7/23/2014,0.32,13,1.25,0.74,0.74,0.6,2.58,2.3,0.05,0.2
7/24/2014,0.32,13,1.25,0.73,0.74,0.6,2.58,2.3,0.05,0.2
7/25/2014,0.32,13,1.25,0.72,0.74,0.6,2.58,2.3,0.05,0.2
7/28/2014,0.32,13,1.25,0.72,0.75,0.6,2.58,2.3,0.05,0.2
7/29/2014,0.32,13.01,1.25,0.71,0.75,0.6,2.6,2.3,0.05,0.21
7/30/2014,0.32,13.01,1.26,0.72,0.75,0.6,2.63,2.3,0.05,0.21
7/31/2014,0.32,13.01,1.26,0.72,0.75,0.6,2.63,2.3,0.05,0.24
8/1/2014,0.32,13.01,1.26,0.72,0.76,0.6,2.65,2.3,0.05,0.24
8/4/2014,0.32,13.25,1.26,0.71,0.76,0.6,2.65,2.3,0.05,0.24
8/5/2014,0.32,13.25,1.27,0.71,0.76,0.6,2.65,2.3,0.05,0.24
8/6/2014,0.32,13.3,1.28,0.72,0.8,0.6,2.7,2.3,0.05,0.24
8/7/2014,0.32,13.3,1.28,0.72,0.8,0.6,2.7,2.3,0.06,0.26
8/8/2014,0.32,13.3,1.3,0.74,0.8,0.6,2.7,2.3,0.06,0.26
8/13/2014,0.32,13.5,1.3,0.74,0.8,0.6,2.71,2.3,0.06,0.26
8/14/2014,0.32,13.5,1.3,0.75,0.8,0.6,2.72,2.25,0.06,0.26
8/15/2014,0.32,13.5,1.3,0.75,0.8,0.6,2.72,2.25,0.06,0.26
8/18/2014,0.32,13.5,1.35,0.75,0.8,0.6,2.72,2.3,0.06,0.26
8/19/2014,0.32,13.5,1.35,0.75,0.79,0.6,2.75,2.3,0.06,0.26
8/20/2014,0.33,13.5,1.35,0.75,0.79,0.6,2.75,2.3,0.06,0.26
8/21/2014,0.33,13.5,1.35,0.75,0.78,0.6,2.77,2.3,0.06,0.26
8/22/2014,0.33,13.5,1.36,0.75,0.78,0.6,2.8,2.3,0.06,0.26
8/25/2014,0.32,13.5,1.35,0.76,0.78,0.6,2.8,2.3,0.06,0.26
8/26/2014,0.33,13.5,1.35,0.76,0.78,0.6,2.8,2.3,0.07,0.26
8/27/2014,0.33,13.5,1.35,0.76,0.77,0.65,2.8,2.31,0.07,0.26
8/28/2014,0.33,13.5,1.35,0.76,0.77,0.65,2.8,2.31,0.07,0.26
8/29/2014,0.32,13.5,1.35,0.76,0.76,0.65,2.8,2.31,0.08,0.22
9/1/2014,0.32,13.5,1.35,0.76,0.76,0.65,2.85,2.31,0.08,0.22
9/2/2014,0.33,13.5,1.36,0.76,0.76,0.65,2.85,2.31,0.08,0.2
9/3/2014,0.33,13.5,1.4,0.78,0.76,0.65,2.85,2.31,0.08,0.2
9/4/2014,0.32,13.51,1.4,0.8,0.76,0.65,2.9,2.31,0.08,0.2
9/5/2014,0.32,13.51,1.38,0.84,0.76,0.65,2.86,2.31,0.08,0.23
9/8/2014,0.32,13.51,1.38,0.84,0.76,0.65,2.86,2.31,0.08,0.23
9/9/2014,0.32,13.51,1.35,0.85,0.76,0.65,2.86,2.3,0.08,0.23
9/10/2014,0.32,13.51,1.34,0.85,0.76,0.67,2.86,2.3,0.08,0.23
9/11/2014,0.33,13.51,1.33,0.85,0.76,0.67,2.86,2.31,0.08,0.23
9/12/2014,0.33,13.51,1.33,0.83,0.73,0.67,2.86,2.31,0.09,0.23
9/15/2014,0.33,13.51,1.31,0.8,0.73,0.7,2.86,2.31,0.08,0.2
9/16/2014,0.33,13.51,1.3,0.8,0.72,0.7,2.86,2.3,0.08,0.2
9/17/2014,0.34,13.51,1.29,0.78,0.72,0.7,2.86,2.3,0.08,0.2
9/18/2014,0.34,13.5,1.29,0.77,0.72,0.7,2.86,2.31,0.08,0.2
9/19/2014,0.34,13.5,1.29,0.77,0.72,0.5,2.86,2.31,0.08,0.2
9/22/2014,0.34,13.5,1.3,0.77,0.72,0.5,2.86,2.31,0.08,0.2
9/23/2014,0.34,13.5,1.3,0.77,0.69,0.5,2.86,2.31,0.08,0.2
9/24/2014,0.34,13.5,1.3,0.77,0.68,0.5,2.86,2.31,0.08,0.2
9/25/2014,0.34,13.5,1.3,0.77,0.68,0.5,2.86,2.31,0.08,0.2
9/26/2014,0.34,13.5,1.29,0.77,0.68,0.5,2.86,2.31,0.08,0.2
9/29/2014,0.34,13.5,1.3,0.77,0.68,0.65,2.86,2.31,0.08,0.2
9/30/2014,0.34,14,1.29,0.77,0.68,0.67,2.86,2.31,0.08,0.2
10/1/2014,0.34,14,1.29,0.77,0.68,0.65,2.86,2.31,0.08,0.2
10/2/2014,0.34,14,1.29,0.77,0.68,0.65,2.86,2.31,0.08,0.2
10/3/2014,0.34,14,1.28,0.78,0.66,0.65,2.8,2.31,0.08,0.2
10/6/2014,0.34,14,1.27,0.78,0.65,0.65,2.8,2.31,0.08,0.2
10/7/2014,0.33,14,1.26,0.78,0.65,0.65,2.8,2.31,0.08,0.2
10/8/2014,0.35,13.99,1.25,0.79,0.65,0.65,2.8,2.31,0.08,0.18
10/9/2014,0.36,13.98,1.25,0.79,0.65,0.65,2.8,2.31,0.07,0.18
10/10/2014,0.36,13.97,1.25,0.78,0.65,0.65,2.8,2.31,0.07,0.18
10/13/2014,0.36,13.97,1.25,0.78,0.67,0.5,2.8,2.31,0.07,0.18
10/14/2014,0.36,13.97,1.25,0.78,0.69,0.5,2.8,2.31,0.07,0.18
10/15/2014,0.36,13.97,1.25,0.78,0.69,0.5,2.8,2.31,0.07,0.18
10/16/2014,0.36,13.97,1.25,0.78,0.69,0.5,2.8,2.31,0.07,0.18
10/17/2014,0.36,13.97,1.25,0.78,0.69,0.5,2.6,2.31,0.07,0.18
10/20/2014,0.36,13,1.25,0.78,0.69,0.5,2.6,2.31,0.07,0.18
10/21/2014,0.35,13,1.25,0.76,0.68,0.5,2.55,2.31,0.07,0.18
10/22/2014,0.35,13,1.25,0.78,0.67,0.5,2.55,2.31,0.07,0.15
10/23/2014,0.35,12.9,1.25,0.77,0.66,0.5,2.5,2.31,0.06,0.15
10/24/2014,0.35,12.9,1.23,0.72,0.65,0.5,2.55,2.31,0.06,0.15
10/27/2014,0.35,12.9,1.23,0.7,0.66,0.5,2.55,2.31,0.06,0.15
10/28/2014,0.35,12.9,1.2,0.7,0.65,0.5,2.55,2.31,0.06,0.15
10/29/2014,0.35,12.9,1.2,0.7,0.65,0.5,2.55,2.31,0.06,0.15
10/30/2014,0.35,12.9,1.2,0.68,0.65,0.5,2.55,2.31,0.06,0.15
10/31/2014,0.35,12.5,1.15,0.68,0.66,0.5,2.55,2.31,0.06,0.15
11/3/2014,0.35,12.5,1.15,0.68,0.65,0.5,2.55,2.31,0.06,0.15
11/4/2014,0.35,12.5,1.15,0.69,0.65,0.5,2.5,2.31,0.06,0.15
11/5/2014,0.35,12.5,1.16,0.69,0.65,0.5,2.5,2.31,0.06,0.15
11/6/2014,0.33,12.5,1.15,0.69,0.65,0.5,2.5,2.3,0.06,0.16
11/7/2014,0.33,12,1.15,0.7,0.66,0.5,2.5,2.3,0.06,0.16
11/10/2014,0.35,12,1.15,0.7,0.67,0.5,2.5,2.3,0.06,0.16
11/11/2014,0.35,12,1.15,0.69,0.67,0.5,2.4,2.3,0.06,0.16
11/12/2014,0.35,12,1.15,0.69,0.65,0.5,2.4,2.3,0.06,0.16
11/13/2014,0.35,12,1.15,0.69,0.65,0.5,2.4,2.3,0.06,0.16
11/14/2014,0.36,12,1.13,0.69,0.65,0.4,2.35,2.3,0.07,0.16
11/17/2014,0.36,12,1.13,0.69,0.65,0.4,2.4,2.2,0.07,0.16
11/18/2014,0.38,12,1.13,0.69,0.65,0.4,2.4,2.2,0.07,0.16
11/19/2014,0.38,12,1.13,0.69,0.65,0.4,2.4,2.2,0.07,0.16
11/20/2014,0.38,12,1.1,0.69,0.6,0.4,2.4,2.2,0.07,0.16
11/21/2014,0.38,12,1.1,0.69,0.6,0.4,2.4,2.2,0.08,0.16
11/24/2014,0.38,12,1.1,0.69,0.6,0.53,2.4,2.2,0.08,0.16
11/25/2014,0.38,12,1.13,0.69,0.6,0.53,2.4,2.2,0.08,0.16
11/26/2014,0.38,12,1.13,0.69,0.6,0.53,2.4,2.2,0.08,0.15
11/27/2014,0.38,12,1.13,0.69,0.6,0.53,2.4,2.2,0.08,0.15
11/28/2014,0.42,11.8,1.13,0.69,0.6,0.53,2.4,2.2,0.08,0.15
12/1/2014,0.42,11.8,1.13,0.68,0.6,0.53,2.4,2.2,0.08,0.15
12/2/2014,0.42,11.8,1.13,0.68,0.6,0.53,2.4,2.2,0.08,0.15
12/3/2014,0.42,11.8,1.13,0.68,0.6,0.53,2.4,2.15,0.07,0.15
12/4/2014,0.42,11.8,1.1,0.65,0.6,0.53,2.4,2.15,0.07,0.15
12/5/2014,0.42,11.8,1.1,0.65,0.6,0.53,2.4,2.15,0.07,0.15
12/8/2014,0.44,11.8,1.09,0.65,0.6,0.53,2.4,2.15,0.07,0.15
12/9/2014,0.44,11.8,1.09,0.65,0.58,0.53,2.4,2.1,0.07,0.15
12/10/2014,0.44,11.8,1.09,0.65,0.58,0.53,2.4,2.1,0.07,0.15
12/11/2014,0.44,11.8,1.09,0.64,0.58,0.53,2.4,2.1,0.05,0.15
12/12/2014,0.44,11.8,1.09,0.63,0.58,0.53,2.4,2.1,0.05,0.15
12/15/2014,0.44,11.8,1.09,0.62,0.57,0.53,2.4,2.1,0.05,0.15
12/16/2014,0.44,11.8,1.09,0.61,0.57,0.53,2.4,2.1,0.05,0.15
12/17/2014,0.44,11.6,1.09,0.61,0.56,0.53,2.4,2.08,0.05,0.15
12/18/2014,0.44,11.5,1.09,0.6,0.56,0.46,2.4,2.08,0.05,0.15
12/19/2014,0.46,11.5,1.08,0.59,0.56,0.46,2.4,2.08,0.05,0.15
12/23/2014,0.46,11.4,1.08,0.57,0.56,0.46,2.35,1.8,0.05,0.15
12/24/2014,0.46,11.2,1.07,0.59,0.56,0.46,2.34,1.8,0.05,0.15
12/29/2014,0.46,11.2,1.07,0.59,0.56,0.46,2.34,1.8,0.05,0.15
12/30/2014,0.48,11.2,1.05,0.59,0.56,0.46,2.34,1.75,0.05,0.15
12/31/2014,0.47,11.2,1.02,0.6,0.56,0.55,2.34,1.75,0.05,0.15
1/2/2015,0.47,11.2,1.02,0.6,0.56,0.55,2.34,1.75,0.05,0.15
1/5/2015,0.47,11.2,1.02,0.6,0.56,0.55,2.34,1.75,0.05,0.15
1/6/2015,0.47,11,1.02,0.6,0.56,0.55,2.34,1.75,0.05,0.15
1/7/2015,0.45,11,1.02,0.6,0.56,0.55,2.35,1.7,0.05,0.15
1/8/2015,0.45,11,1.04,0.6,0.56,0.55,2.35,1.7,0.05,0.15
1/9/2015,0.45,11,1.06,0.6,0.56,0.55,2.35,1.7,0.05,0.15
1/12/2015,0.45,11,1.06,0.6,0.57,0.55,2.35,1.7,0.05,0.15
1/13/2015,0.45,11.2,1.07,0.6,0.57,0.55,2.35,1.7,0.05,0.15
1/14/2015,0.47,11.4,1.07,0.6,0.57,0.55,2.4,1.7,0.05,0.15
1/15/2015,0.46,11.45,1.09,0.59,0.57,0.55,2.42,1.7,0.04,0.15
1/16/2015,0.46,11.45,1.1,0.59,0.6,0.45,2.43,2,0.04,0.15
1/19/2015,0.46,11.45,1.11,0.59,0.6,0.45,2.43,2,0.04,0.15
1/20/2015,0.46,11.45,1.11,0.59,0.6,0.45,2.43,2,0.04,0.15
1/21/2015,0.46,11.45,1.11,0.55,0.58,0.45,2.43,2,0.04,0.15
1/22/2015,0.46,11.45,1.11,0.54,0.58,0.45,2.41,2,0.04,0.15
1/23/2015,0.47,11.45,1.11,0.54,0.6,0.45,2.41,2.02,0.04,0.15
1/26/2015,0.47,11.45,1.11,0.54,0.6,0.45,2.35,2.03,0.04,0.15
1/27/2015,0.47,11.5,1.11,0.53,0.58,0.46,2.35,2.03,0.04,0.15
1/28/2015,0.45,11.5,1.11,0.5,0.58,0.45,2.35,2.06,0.04,0.15
1/29/2015,0.45,11.5,1.11,0.5,0.57,0.45,2.35,2.06,0.04,0.15
1/30/2015,0.45,11.5,1.11,0.5,0.57,0.5,2.4,2.06,0.04,0.15
2/2/2015,0.45,11.5,1.11,0.5,0.57,0.5,2.4,2.06,0.04,0.15
2/3/2015,0.48,11.5,1.12,0.51,0.58,0.5,2.35,2.06,0.04,0.15
2/4/2015,0.48,11.5,1.14,0.52,0.58,0.5,2.35,2.05,0.04,0.15
2/5/2015,0.48,11.5,1.15,0.54,0.58,0.5,2.35,2.05,0.04,0.15
2/6/2015,0.45,11.5,1.16,0.54,0.58,0.5,2.35,2,0.04,0.15
2/9/2015,0.45,11.5,1.16,0.55,0.58,0.5,2.35,2,0.04,0.15
2/10/2015,0.45,11.5,1.16,0.55,0.58,0.5,2.35,2,0.04,0.15
2/11/2015,0.45,11.5,1.16,0.55,0.58,0.5,2.33,2,0.04,0.15
2/12/2015,0.45,11.5,1.15,0.55,0.59,0.4,2.36,2,0.04,0.15
2/13/2015,0.45,11.5,1.15,0.55,0.59,0.4,2.37,2,0.04,0.15
2/16/2015,0.45,11.5,1.16,0.55,0.6,0.4,2.37,2,0.04,0.15
2/17/2015,0.45,11.5,1.16,0.55,0.59,0.4,2.37,1.9,0.04,0.15
2/18/2015,0.45,11.5,1.16,0.55,0.59,0.4,2.37,1.9,0.04,0.15
2/19/2015,0.45,11.5,1.16,0.55,0.59,0.4,2.37,1.85,0.04,0.15
2/20/2015,0.45,11.5,1.16,0.55,0.6,0.4,2.37,1.85,0.04,0.1
2/23/2015,0.45,11.5,1.16,0.55,0.6,0.4,2.37,1.85,0.04,0.1
2/24/2015,0.45,11.7,1.15,0.54,0.59,0.4,2.37,1.85,0.04,0.1
2/25/2015,0.45,11.7,1.16,0.53,0.59,0.4,2.37,1.8,0.04,0.1
2/26/2015,0.45,11.7,1.16,0.53,0.59,0.4,2.37,1.8,0.04,0.1
2/27/2015,0.45,11.7,1.15,0.52,0.59,0.4,2.37,1.8,0.04,0.1
3/2/2015,0.45,11.7,1.15,0.52,0.59,0.4,2.37,1.8,0.04,0.1
3/3/2015,0.45,11.7,1.15,0.52,0.59,0.4,2.37,1.8,0.04,0.1
3/4/2015,0.45,11.7,1.15,0.52,0.59,0.4,2.35,1.8,0.04,0.1
3/5/2015,0.45,11.7,1.15,0.5,0.59,0.4,2.37,1.8,0.04,0.1
3/6/2015,0.45,11.7,1.14,0.5,0.58,0.4,2.37,1.8,0.04,0.1
3/9/2015,0.45,11.7,1.13,0.5,0.58,0.4,2.37,1.8,0.04,0.1
3/10/2015,0.45,11.7,1.1,0.51,0.58,0.4,2.35,1.8,0.04,0.1
3/11/2015,0.45,11.7,1.1,0.51,0.57,0.4,2.35,1.8,0.04,0.1
3/12/2015,0.45,11.7,1.09,0.51,0.57,0.4,2.37,1.8,0.04,0.1
3/13/2015,0.45,11.7,1.09,0.51,0.57,0.4,2.37,1.8,0.04,0.1
3/16/2015,0.45,11.7,1.09,0.51,0.57,0.4,2.37,1.8,0.04,0.1
3/17/2015,0.45,11.7,1.09,0.51,0.55,0.4,2.37,1.8,0.04,0.1
3/18/2015,0.45,11.7,1.09,0.51,0.55,0.4,2.37,1.7,0.04,0.07
3/19/2015,0.45,11.7,1.09,0.52,0.55,0.4,2.37,1.7,0.04,0.07
3/20/2015,0.45,11.6,1.09,0.52,0.57,0.4,2.39,1.7,0.04,0.07
3/23/2015,0.45,11.6,1.09,0.52,0.57,0.4,2.42,1.7,0.04,0.07
3/24/2015,0.45,11.6,1.09,0.52,0.57,0.4,2.42,1.7,0.04,0.07
3/25/2015,0.45,11.6,1.09,0.52,0.57,0.4,2.44,1.7,0.04,0.07
3/26/2015,0.45,11.6,1.09,0.51,0.58,0.4,2.46,1.7,0.04,0.07
3/27/2015,0.45,11.6,1.09,0.51,0.58,0.4,2.48,1.7,0.04,0.07
3/30/2015,0.45,11.6,1.05,0.5,0.58,0.4,2.52,1.7,0.04,0.07
3/31/2015,0.45,11.6,1.05,0.5,0.55,0.4,2.52,1.7,0.04,0.07
4/1/2015,0.45,11.6,1.04,0.5,0.55,0.4,2.52,1.6,0.04,0.07
4/2/2015,0.45,11.6,1.04,0.5,0.55,0.4,2.52,1.6,0.04,0.07
4/7/2015,0.47,11.6,1.03,0.5,0.56,0.4,2.52,1.6,0.04,0.07
4/8/2015,0.5,11.6,1.02,0.5,0.56,0.4,2.45,1.6,0.04,0.07
4/9/2015,0.5,11.6,1.02,0.5,0.56,0.4,2.45,1.6,0.04,0.07
4/10/2015,0.5,11.6,1.04,0.5,0.56,0.4,2.45,1.6,0.04,0.07
4/13/2015,0.5,11.6,1.04,0.5,0.56,0.4,2.45,1.6,0.04,0.07
4/14/2015,0.5,11.6,1.04,0.5,0.56,0.4,2.45,1.6,0.04,0.07
4/15/2015,0.5,11.6,1.04,0.49,0.57,0.4,2.49,1.6,0.04,0.07
4/16/2015,0.5,11.6,1.05,0.49,0.57,0.4,2.51,1.59,0.04,0.07
4/17/2015,0.5,11.6,1.05,0.49,0.57,0.4,2.51,1.59,0.04,0.07
4/20/2015,0.5,11.6,1.06,0.49,0.58,0.4,2.51,1.59,0.04,0.07
4/21/2015,0.5,11.6,1.06,0.49,0.58,0.4,2.51,1.59,0.04,0.06
4/22/2015,0.5,11.6,1.06,0.49,0.58,0.4,2.51,1.59,0.04,0.06
4/23/2015,0.5,11.6,1.06,0.49,0.58,0.4,2.51,1.2,0.04,0.06
4/24/2015,0.5,11.6,1.06,0.49,0.59,0.4,2.51,1.2,0.04,0.06
4/27/2015,0.5,11.6,1.05,0.49,0.59,0.4,2.51,1.2,0.04,0.06
4/28/2015,0.5,11.6,1.05,0.49,0.59,0.4,2.51,1.3,0.04,0.06
4/29/2015,0.5,11.6,1.05,0.49,0.59,0.4,2.51,1.31,0.04,0.06
4/30/2015,0.5,11.6,1.05,0.49,0.59,0.4,2.51,1.31,0.04,0.06
5/4/2015,0.4,11.6,1.05,0.49,0.59,0.4,2.51,1.31,0.04,0.06
5/5/2015,0.4,11.6,1.05,0.49,0.59,0.4,2.51,1.31,0.04,0.06
5/6/2015,0.5,11.6,1.05,0.48,0.59,0.4,2.51,1.31,0.04,0.06
5/7/2015,0.5,11.6,1.05,0.48,0.59,0.4,2.51,1.31,0.04,0.06
5/8/2015,0.5,11,1.05,0.46,0.59,0.4,2.51,1.31,0.04,0.06
5/11/2015,0.5,11,1.05,0.46,0.59,0.4,2.51,1.31,0.04,0.06
5/12/2015,0.5,11,1.05,0.46,0.6,0.4,2.51,1.2,0.04,0.06
5/13/2015,0.5,11,1.05,0.46,0.6,0.4,2.51,1.2,0.04,0.06
5/14/2015,0.5,11,1.05,0.46,0.6,0.4,2.51,1.2,0.04,0.06
5/15/2015,0.5,11,1.05,0.46,0.6,0.4,2.5,1.2,0.04,0.06
5/18/2015,0.5,11,1.05,0.49,0.6,0.4,2.5,1.2,0.04,0.06
5/19/2015,0.5,11,1.05,0.5,0.6,0.4,2.51,1.2,0.04,0.06
5/20/2015,0.5,11.5,1.05,0.5,0.6,0.4,2.53,1.2,0.04,0.06
5/21/2015,0.5,11.5,1.05,0.5,0.6,0.4,2.53,1.2,0.04,0.06
5/22/2015,0.5,11.5,1.07,0.49,0.6,0.4,2.56,1.25,0.04,0.09
5/26/2015,0.51,11.5,1.05,0.46,0.6,0.4,2.57,1.25,0.04,0.09
5/27/2015,0.51,11.5,1.05,0.46,0.6,0.4,2.57,1.25,0.04,0.09
5/28/2015,0.5,11.5,1.05,0.46,0.6,0.4,2.57,1.23,0.03,0.09
5/29/2015,0.5,11.5,1.05,0.45,0.61,0.4,2.57,1.23,0.03,0.09
6/1/2015,0.5,11.5,1.05,0.45,0.61,0.4,2.57,1.23,0.03,0.09
6/2/2015,0.5,11.39,1.05,0.44,0.62,0.4,2.57,1.23,0.03,0.09
6/3/2015,0.5,11.4,1.05,0.44,0.64,0.4,2.56,1.23,0.03,0.09
6/4/2015,0.5,11.4,1.05,0.44,0.7,0.4,2.57,1.23,0.04,0.12
6/5/2015,0.5,11.4,1.05,0.44,0.7,0.4,2.57,1.23,0.04,0.13
6/8/2015,0.5,11.4,1.05,0.44,0.7,0.4,2.58,1.23,0.04,0.13
6/9/2015,0.5,11.4,1.05,0.44,0.7,0.4,2.58,1.23,0.04,0.13
6/10/2015,0.5,11.4,1.05,0.43,0.7,0.4,2.6,1.23,0.04,0.13
6/11/2015,0.5,11.4,1.04,0.43,0.7,0.4,2.6,1.23,0.04,0.13
6/12/2015,0.5,11.4,1.04,0.43,0.7,0.4,2.6,1.23,0.04,0.13
6/15/2015,0.5,11.4,1.05,0.43,0.7,0.4,2.61,1.23,0.04,0.13
6/16/2015,0.5,11.4,1.05,0.43,0.7,0.4,2.62,1.2,0.04,0.13
6/17/2015,0.5,11.4,1.05,0.43,0.68,0.4,2.62,1.2,0.04,0.13
6/18/2015,0.5,11.4,1.05,0.43,0.68,0.4,2.67,1.2,0.04,0.13
6/19/2015,0.5,11.5,1.05,0.43,0.68,0.38,2.67,1.2,0.04,0.13
6/22/2015,0.5,11.5,1.05,0.42,0.67,0.38,2.67,1.2,0.04,0.13
6/23/2015,0.5,11.5,1.02,0.42,0.67,0.38,2.68,1.2,0.04,0.13
6/24/2015,0.5,11.5,1.01,0.42,0.67,0.38,2.69,1.2,0.04,0.13
6/25/2015,0.5,11.5,1.01,0.4,0.63,0.38,2.69,1.2,0.04,0.13
6/26/2015,0.5,11.5,1.01,0.4,0.63,0.38,2.7,1.2,0.04,0.13
6/29/2015,0.5,11.5,1.01,0.4,0.62,0.38,2.7,1.2,0.04,0.13
6/30/2015,0.5,11.5,1.01,0.4,0.6,0.38,2.7,1.2,0.04,0.14
7/1/2015,0.5,11.4,1,0.38,0.6,0.38,2.7,1.2,0.04,0.14
7/2/2015,0.5,11.4,1,0.35,0.6,0.38,2.74,1.15,0.04,0.14
7/3/2015,0.5,11.4,1,0.35,0.6,0.38,2.74,1.15,0.04,0.14
7/6/2015,0.5,11.4,1,0.35,0.6,0.38,2.73,1.15,0.04,0.14
7/7/2015,0.5,11.4,1,0.34,0.6,0.38,2.75,1.15,0.04,0.14
7/8/2015,0.5,11.4,1,0.35,0.61,0.38,2.73,1.15,0.04,0.14
7/9/2015,0.5,11.4,0.98,0.35,0.61,0.38,2.75,1.15,0.04,0.14
7/10/2015,0.5,11.35,0.97,0.35,0.62,0.38,2.75,1.15,0.04,0.14
7/13/2015,0.5,11.4,0.97,0.35,0.62,0.38,2.73,1.15,0.04,0.14
7/14/2015,0.5,11.4,0.97,0.35,0.62,0.38,2.74,1.1,0.04,0.14
7/15/2015,0.5,11.4,0.97,0.35,0.62,0.38,2.74,1.1,0.04,0.14
7/16/2015,0.5,11.4,0.97,0.35,0.61,0.38,2.74,1.1,0.04,0.13
7/17/2015,0.5,11.4,0.97,0.33,0.61,0.38,2.74,1.1,0.04,0.13
7/20/2015,0.5,11.4,0.97,0.33,0.62,0.38,2.74,1.1,0.04,0.13
7/21/2015,0.5,11.4,0.97,0.33,0.62,0.38,2.74,1.1,0.04,0.14
7/22/2015,0.5,11.4,1,0.34,0.62,0.38,2.74,1.1,0.04,0.14
7/23/2015,0.5,11.4,1,0.34,0.62,0.38,2.74,1.1,0.04,0.14
7/24/2015,0.5,11.4,1,0.34,0.62,0.38,2.74,1.1,0.04,0.14
7/27/2015,0.5,11.4,1,0.34,0.62,0.38,2.74,1.1,0.04,0.14
7/28/2015,0.5,11.4,1,0.34,0.62,0.38,2.74,1.1,0.04,0.14
7/29/2015,0.5,11.4,1,0.33,0.62,0.35,2.74,1.1,0.04,0.14
7/30/2015,0.5,11.6,1,0.33,0.63,0.35,2.74,1.1,0.04,0.14
7/31/2015,0.5,11.55,1,0.32,0.63,0.35,2.75,1.1,0.04,0.14
8/3/2015,0.5,11.55,1,0.32,0.63,0.35,2.75,1.1,0.04,0.14
8/4/2015,0.5,11.55,1,0.32,0.63,0.35,2.75,1.12,0.04,0.14
8/5/2015,0.5,11.6,0.99,0.31,0.61,0.35,2.75,1.12,0.04,0.14
8/6/2015,0.5,11.6,0.97,0.3,0.62,0.35,2.75,1.12,0.04,0.14
8/7/2015,0.5,11.6,0.97,0.3,0.62,0.35,2.75,1.1,0.04,0.14
8/12/2015,0.5,11.6,0.96,0.29,0.62,0.35,2.76,1.1,0.04,0.14
8/13/2015,0.5,11.6,0.95,0.29,0.62,0.35,2.76,1.1,0.04,0.14
8/14/2015,0.5,11.6,0.93,0.29,0.62,0.35,2.77,1.1,0.04,0.14
8/17/2015,0.5,11.55,0.92,0.29,0.62,0.35,2.78,1.1,0.04,0.14
8/18/2015,0.5,11.55,0.9,0.29,0.62,0.35,2.78,1.1,0.04,0.14
8/19/2015,0.5,11.55,0.88,0.28,0.62,0.35,2.78,1.1,0.04,0.12
8/20/2015,0.5,11.55,0.86,0.28,0.62,0.35,2.79,1.1,0.04,0.12
8/21/2015,0.5,11.55,0.84,0.28,0.6,0.35,2.79,1.1,0.04,0.12
8/24/2015,0.5,11.55,0.83,0.28,0.6,0.35,2.79,1.1,0.04,0.12
8/25/2015,0.5,11.55,0.83,0.28,0.6,0.35,2.8,1.1,0.04,0.12
8/26/2015,0.5,11.55,0.83,0.28,0.6,0.35,2.8,1.1,0.03,0.12
8/27/2015,0.5,11.55,0.83,0.28,0.6,0.35,2.8,1.1,0.03,0.12
8/28/2015,0.5,11.55,0.84,0.28,0.59,0.35,2.8,1.1,0.03,0.12
8/31/2015,0.5,11.55,0.85,0.28,0.6,0.35,2.8,1.1,0.03,0.12
9/1/2015,0.5,11.55,0.85,0.28,0.6,0.35,2.8,1.1,0.03,0.12
9/2/2015,0.5,11.68,0.85,0.28,0.6,0.35,2.8,1.1,0.03,0.12
9/3/2015,0.5,11.68,0.85,0.28,0.6,0.35,2.8,1.1,0.03,0.12
9/4/2015,0.5,11.68,0.85,0.27,0.6,0.35,2.8,1.1,0.03,0.12
9/7/2015,0.5,11.68,0.85,0.27,0.6,0.35,2.8,1.1,0.03,0.12
9/8/2015,0.5,11.62,0.85,0.27,0.59,0.35,2.8,1.1,0.03,0.12
9/9/2015,0.5,11.7,0.85,0.27,0.59,0.35,2.8,1.1,0.03,0.12
9/10/2015,0.5,11.75,0.85,0.27,0.59,0.35,2.8,1.1,0.03,0.12
9/11/2015,0.5,11.75,0.85,0.27,0.59,0.35,2.55,1.1,0.03,0.12
9/14/2015,0.5,11.75,0.85,0.27,0.59,0.35,2.55,1.1,0.03,0.12
9/15/2015,0.5,11.75,0.85,0.27,0.59,0.35,2.55,1.1,0.03,0.12
9/16/2015,0.5,11.75,0.85,0.28,0.59,0.35,2.53,1.1,0.03,0.12
9/17/2015,0.5,11.75,0.85,0.28,0.59,0.35,2.53,1.1,0.03,0.12
9/18/2015,0.5,11.7,0.85,0.28,0.59,0.35,2.53,1.1,0.03,0.12
9/21/2015,0.5,11.7,0.85,0.28,0.59,0.35,2.52,1.1,0.03,0.12
9/22/2015,0.5,11.7,0.84,0.27,0.59,0.37,2.5,1.1,0.03,0.12
9/23/2015,0.5,11.7,0.83,0.27,0.59,0.35,2.5,1.1,0.03,0.12
9/24/2015,0.5,11.55,0.83,0.27,0.59,0.35,2.5,1.1,0.03,0.12
9/25/2015,0.5,11.6,0.83,0.27,0.59,0.35,2.49,1.1,0.03,0.12
9/28/2015,0.5,11.6,0.83,0.27,0.59,0.35,2.49,1.1,0.03,0.12
9/29/2015,0.5,11.6,0.83,0.27,0.59,0.35,2.49,1.1,0.03,0.12
9/30/2015,0.5,11.6,0.83,0.27,0.59,0.35,2.49,1.09,0.03,0.12
10/1/2015,0.5,11.6,0.82,0.27,0.6,0.35,2.49,1.09,0.03,0.12
10/2/2015,0.5,11.64,0.82,0.27,0.6,0.35,2.45,1,0.03,0.12
10/5/2015,0.5,11.65,0.81,0.27,0.6,0.35,2.45,1,0.03,0.12
10/6/2015,0.5,11.65,0.82,0.27,0.62,0.35,2.45,1,0.03,0.12
10/7/2015,0.5,11.65,0.81,0.27,0.61,0.35,2.45,1,0.03,0.12
10/8/2015,0.5,11.65,0.81,0.27,0.6,0.35,2.45,1,0.03,0.12
10/9/2015,0.5,11.7,0.81,0.27,0.6,0.35,2.4,1,0.03,0.12
10/12/2015,0.5,11.7,0.82,0.27,0.61,0.35,2.35,0.95,0.03,0.12
10/13/2015,0.52,11.65,0.82,0.27,0.6,0.35,2.3,0.95,0.03,0.12
10/14/2015,0.52,11.65,0.82,0.27,0.6,0.35,2.3,0.95,0.03,0.12
10/15/2015,0.52,11.65,0.82,0.27,0.6,0.35,2.23,0.95,0.04,0.12
10/16/2015,0.58,11.8,0.82,0.27,0.6,0.35,2.21,0.95,0.04,0.12
10/19/2015,0.58,11.8,0.82,0.27,0.6,0.35,2.25,0.95,0.04,0.12
10/20/2015,0.59,11.8,0.82,0.27,0.6,0.35,2.23,0.95,0.04,0.12
10/21/2015,0.59,11.85,0.82,0.27,0.6,0.35,2.21,0.95,0.04,0.12
10/22/2015,0.59,11.85,0.82,0.27,0.6,0.35,2.22,0.95,0.03,0.12
10/23/2015,0.59,11.85,0.82,0.27,0.61,0.35,2.21,0.95,0.03,0.12
10/26/2015,0.59,11.85,0.82,0.27,0.61,0.35,2.25,0.95,0.03,0.12
10/27/2015,0.59,11.8,0.82,0.27,0.61,0.35,2.25,0.95,0.03,0.12
10/28/2015,0.59,11.8,0.82,0.27,0.61,0.35,2.25,0.97,0.03,0.12
10/29/2015,0.59,11.8,0.82,0.27,0.61,0.35,2.25,0.97,0.03,0.12
10/30/2015,0.59,11.8,0.82,0.27,0.6,0.35,2.2,0.97,0.03,0.12
11/2/2015,0.59,11.85,0.82,0.27,0.6,0.35,2.2,0.97,0.03,0.12
11/3/2015,0.59,11.85,0.82,0.27,0.6,0.35,2.2,0.97,0.03,0.12
11/4/2015,0.59,11.9,0.81,0.27,0.6,0.35,2.19,0.97,0.03,0.1
11/5/2015,0.58,11.9,0.81,0.26,0.6,0.35,2.2,0.97,0.03,0.1
11/6/2015,0.58,11.9,0.81,0.25,0.6,0.35,2.16,0.97,0.03,0.1
11/9/2015,0.58,11.9,0.81,0.25,0.51,0.35,2.16,0.97,0.03,0.1
11/10/2015,0.58,11.9,0.81,0.25,0.51,0.35,2.16,0.97,0.03,0.1
11/11/2015,0.58,12.01,0.81,0.25,0.51,0.35,2.17,0.97,0.03,0.1
11/12/2015,0.58,12.01,0.81,0.25,0.51,0.35,2.17,0.97,0.03,0.1
11/13/2015,0.58,12.01,0.81,0.25,0.41,0.35,2.17,0.97,0.03,0.1
11/16/2015,0.58,12.01,0.81,0.24,0.41,0.35,2.17,0.97,0.03,0.1
11/17/2015,0.58,12,0.81,0.23,0.38,0.35,2.17,1,0.03,0.1
11/18/2015,0.58,12,0.81,0.23,0.38,0.35,2.17,1,0.03,0.1
11/19/2015,0.58,12,0.81,0.22,0.38,0.35,2.17,1,0.03,0.1
11/20/2015,0.58,12.05,0.78,0.19,0.35,0.35,2.16,1,0.03,0.1
11/23/2015,0.58,12.05,0.75,0.18,0.34,0.35,2.16,1,0.03,0.1
11/24/2015,0.58,12.05,0.75,0.16,0.34,0.35,2.14,1,0.03,0.1
11/25/2015,0.58,12.05,0.75,0.18,0.34,0.35,2.14,1,0.03,0.1
11/26/2015,0.58,12.05,0.75,0.18,0.34,0.35,2.14,1,0.03,0.1
11/27/2015,0.58,12.18,0.74,0.18,0.34,0.35,2.11,1,0.03,0.1
11/30/2015,0.58,12.18,0.74,0.18,0.34,0.35,2.11,1,0.03,0.1
12/1/2015,0.58,12.15,0.73,0.18,0.3,0.35,2.12,1,0.03,0.1
12/2/2015,0.58,12.15,0.7,0.18,0.29,0.35,2.12,1,0.03,0.1
12/3/2015,0.56,12.15,0.7,0.18,0.29,0.35,2.11,1,0.03,0.1
12/4/2015,0.56,12.15,0.72,0.18,0.29,0.35,2.1,1,0.03,0.1
12/7/2015,0.56,12.2,0.72,0.18,0.29,0.35,2.1,1,0.03,0.1
12/8/2015,0.56,12.2,0.72,0.18,0.29,0.35,2.11,1,0.03,0.1
12/9/2015,0.56,12.2,0.72,0.18,0.29,0.35,2.08,1,0.03,0.1
12/10/2015,0.56,12.2,0.72,0.18,0.29,0.35,2.05,1,0.03,0.1
12/11/2015,0.56,12.2,0.72,0.18,0.27,0.35,2.05,1,0.03,0.1
12/14/2015,0.56,12.2,0.72,0.19,0.27,0.35,2.05,1,0.03,0.1
12/15/2015,0.56,12.2,0.72,0.17,0.27,0.35,2.04,1,0.03,0.1
12/16/2015,0.56,12.2,0.72,0.17,0.26,0.35,2.04,1,0.03,0.1
12/17/2015,0.56,12.2,0.72,0.18,0.26,0.35,2.04,1,0.03,0.1
12/18/2015,0.56,12.2,0.71,0.19,0.26,0.35,2.04,1,0.03,0.1
12/21/2015,0.56,12.2,0.71,0.2,0.27,0.35,2.04,1,0.03,0.1
12/23/2015,0.56,12.2,0.71,0.2,0.27,0.35,2.04,1,0.03,0.1
12/24/2015,0.56,12.2,0.71,0.2,0.27,0.35,2.03,1,0.03,0.1
12/28/2015,0.56,12.2,0.71,0.2,0.27,0.35,2.03,1,0.03,0.1
12/29/2015,0.56,12.2,0.71,0.21,0.27,0.35,2.04,1,0.03,0.1
12/30/2015,0.56,12.2,0.71,0.21,0.3,0.35,2.04,1,0.03,0.1
12/31/2015,0.56,12.2,0.71,0.21,0.3,0.35,2.03,1,0.03,0.1
1/4/2016,0.56,12.2,0.7,0.21,0.3,0.35,2.02,1,0.03,0.1
1/5/2016,0.56,12.2,0.7,0.21,0.3,0.35,2.02,1,0.03,0.1
1/6/2016,0.56,12.2,0.7,0.21,0.3,0.35,1.98,1,0.03,0.1
1/7/2016,0.56,12.2,0.68,0.21,0.24,0.35,1.98,1,0.03,0.1
1/8/2016,0.56,12.2,0.68,0.21,0.24,0.35,1.98,1,0.03,0.1
1/11/2016,0.56,12.2,0.68,0.21,0.24,0.35,1.98,1,0.03,0.1
1/12/2016,0.56,12.2,0.68,0.21,0.24,0.35,1.98,1,0.03,0.1
1/13/2016,0.56,12.2,0.67,0.21,0.24,0.35,1.98,1,0.03,0.1
1/14/2016,0.56,12.2,0.67,0.21,0.24,0.35,1.94,1,0.03,0.1
1/15/2016,0.56,12.2,0.64,0.21,0.24,0.35,1.98,1,0.03,0.1
1/18/2016,0.56,12.2,0.61,0.2,0.24,0.35,1.92,0.96,0.03,0.1
1/19/2016,0.56,12.2,0.58,0.2,0.21,0.35,1.92,0.96,0.03,0.1
1/20/2016,0.56,12.2,0.57,0.2,0.21,0.35,1.88,0.96,0.03,0.1
1/21/2016,0.56,12.2,0.55,0.2,0.21,0.35,1.81,0.96,0.03,0.1
1/22/2016,0.56,12.2,0.55,0.2,0.21,0.35,1.81,0.96,0.03,0.1
1/25/2016,0.56,12.2,0.55,0.2,0.21,0.35,1.81,0.96,0.03,0.1
1/26/2016,0.56,12.2,0.55,0.2,0.2,0.35,1.7,0.96,0.03,0.1
1/27/2016,0.56,12.2,0.54,0.2,0.2,0.35,1.7,0.96,0.03,0.1
1/28/2016,0.56,12.2,0.53,0.22,0.2,0.35,1.7,0.96,0.03,0.1
1/29/2016,0.56,12.2,0.53,0.23,0.21,0.35,1.7,0.96,0.03,0.1
2/1/2016,0.56,12.2,0.53,0.23,0.2,0.35,1.7,0.9,0.03,0.1
2/2/2016,0.56,12.2,0.53,0.22,0.2,0.28,1.7,0.9,0.03,0.1
2/3/2016,0.56,12.2,0.53,0.22,0.2,0.28,1.67,0.8,0.03,0.1
2/4/2016,0.56,12.2,0.52,0.22,0.2,0.28,1.67,0.8,0.03,0.1
2/5/2016,0.56,12.2,0.52,0.22,0.2,0.28,1.77,0.8,0.03,0.1
2/8/2016,0.56,12.2,0.52,0.25,0.2,0.27,1.79,0.8,0.03,0.1
2/9/2016,0.56,12.2,0.52,0.22,0.2,0.27,1.78,0.8,0.03,0.1
2/10/2016,0.5,12,0.52,0.22,0.2,0.27,1.8,0.8,0.03,0.1
2/11/2016,0.5,12,0.53,0.22,0.2,0.27,1.8,0.8,0.03,0.1
2/12/2016,0.48,12,0.53,0.22,0.2,0.27,1.8,0.8,0.03,0.1
2/15/2016,0.48,11.75,0.52,0.22,0.2,0.27,1.8,0.8,0.03,0.1
2/16/2016,0.48,11.75,0.52,0.22,0.19,0.27,1.8,0.8,0.03,0.1
2/17/2016,0.45,11.5,0.52,0.22,0.19,0.27,1.8,0.8,0.03,0.1
2/18/2016,0.45,11.5,0.52,0.22,0.19,0.27,1.8,0.8,0.03,0.1
2/19/2016,0.45,11.5,0.52,0.22,0.19,0.27,1.8,0.77,0.03,0.1
2/22/2016,0.45,11.5,0.53,0.22,0.19,0.27,1.8,0.77,0.03,0.1
2/23/2016,0.45,11.5,0.53,0.22,0.19,0.27,1.8,0.77,0.03,0.1
2/24/2016,0.45,11.5,0.53,0.22,0.19,0.27,1.8,0.77,0.03,0.1
2/25/2016,0.45,11.44,0.53,0.23,0.18,0.27,1.8,0.77,0.03,0.1
2/26/2016,0.45,11.44,0.53,0.23,0.18,0.27,1.8,0.77,0.03,0.1
2/29/2016,0.45,11.44,0.54,0.23,0.18,0.27,1.8,0.77,0.03,0.1
3/1/2016,0.45,11.44,0.55,0.23,0.18,0.27,1.8,0.77,0.03,0.1
3/2/2016,0.45,11.05,0.55,0.23,0.18,0.27,1.8,0.77,0.03,0.1
3/3/2016,0.45,11,0.55,0.23,0.18,0.27,1.8,0.77,0.03,0.1
3/4/2016,0.45,11,0.55,0.23,0.18,0.27,1.8,0.77,0.03,0.1
3/7/2016,0.45,11,0.56,0.23,0.18,0.27,1.81,0.77,0.03,0.1
3/8/2016,0.45,11.15,0.57,0.23,0.18,0.27,1.81,0.77,0.03,0.1
3/9/2016,0.45,11.15,0.57,0.23,0.18,0.27,1.81,0.77,0.03,0.1
3/10/2016,0.45,11.15,0.57,0.23,0.18,0.27,1.82,0.77,0.03,0.1
3/11/2016,0.45,11.15,0.56,0.25,0.18,0.27,1.82,0.77,0.03,0.1
3/14/2016,0.45,10.75,0.56,0.23,0.18,0.27,1.9,0.77,0.03,0.1
3/15/2016,0.45,10.75,0.57,0.23,0.18,0.27,1.97,0.77,0.03,0.1
3/16/2016,0.45,11,0.57,0.23,0.18,0.27,2.06,0.77,0.03,0.1
3/17/2016,0.45,10.75,0.57,0.23,0.18,0.27,2.06,0.77,0.03,0.1
3/18/2016,0.45,10.75,0.57,0.23,0.18,0.27,2.06,0.77,0.03,0.1
3/21/2016,0.45,10.75,0.57,0.23,0.18,0.27,2.06,0.77,0.03,0.1
3/22/2016,0.45,10.7,0.56,0.24,0.18,0.27,2.08,0.77,0.03,0.1
3/23/2016,0.45,10.75,0.57,0.24,0.18,0.27,2.08,0.77,0.03,0.1
3/24/2016,0.45,10.75,0.57,0.24,0.18,0.27,2.08,0.7,0.03,0.1
3/29/2016,0.45,10.75,0.56,0.24,0.19,0.27,2.1,0.7,0.03,0.1
3/30/2016,0.45,10.75,0.56,0.24,0.19,0.27,2.17,0.7,0.03,0.1
3/31/2016,0.45,10.8,0.56,0.24,0.19,0.27,2.2,0.7,0.03,0.1
4/1/2016,0.45,10.75,0.57,0.25,0.19,0.27,2.2,0.7,0.03,0.1
4/4/2016,0.45,10.75,0.57,0.25,0.19,0.27,2.2,0.7,0.03,0.1
4/5/2016,0.45,10.75,0.57,0.25,0.19,0.27,2.2,0.7,0.03,0.1
4/6/2016,0.45,10.75,0.57,0.25,0.19,0.27,2.21,0.65,0.03,0.1
4/7/2016,0.45,10.75,0.57,0.26,0.19,0.27,2.21,0.65,0.03,0.1
4/8/2016,0.45,10.75,0.57,0.26,0.19,0.27,2.21,0.65,0.03,0.11
4/11/2016,0.45,10.75,0.57,0.26,0.19,0.27,2.22,0.65,0.03,0.11
4/12/2016,0.45,10.8,0.57,0.26,0.19,0.27,2.22,0.65,0.03,0.11
4/13/2016,0.45,10.8,0.57,0.26,0.19,0.27,2.23,0.6,0.03,0.11
4/14/2016,0.45,10.8,0.57,0.26,0.19,0.27,2.23,0.6,0.03,0.11
4/15/2016,0.45,10.8,0.57,0.26,0.19,0.27,2.23,0.6,0.03,0.11
4/19/2016,0.45,10.8,0.57,0.26,0.19,0.27,2.23,0.6,0.03,0.11
4/20/2016,0.45,10.8,0.58,0.26,0.19,0.27,2.23,0.6,0.03,0.11
4/21/2016,0.45,10.8,0.59,0.26,0.19,0.27,2.24,0.65,0.03,0.11
4/22/2016,0.45,10.8,0.59,0.26,0.2,0.27,2.24,0.65,0.03,0.11
4/25/2016,0.45,10.8,0.6,0.26,0.2,0.27,2.24,0.65,0.03,0.11
4/27/2016,0.45,10.8,0.64,0.25,0.22,0.27,2.25,0.65,0.03,0.11
4/28/2016,0.45,10.8,0.65,0.25,0.22,0.27,2.2,0.65,0.03,0.11
4/29/2016,0.45,11.75,0.7,0.25,0.22,0.27,2.2,0.65,0.03,0.11
5/3/2016,0.45,11.8,0.7,0.25,0.23,0.27,2.2,0.65,0.03,0.11
5/4/2016,0.45,11.8,0.71,0.25,0.23,0.27,2.2,0.65,0.03,0.11
5/5/2016,0.45,11.8,0.72,0.25,0.23,0.27,2.2,0.65,0.03,0.11
5/6/2016,0.45,11.8,0.73,0.25,0.23,0.27,2.2,0.65,0.03,0.11
5/9/2016,0.45,11.8,0.73,0.25,0.23,0.27,2.2,0.65,0.03,0.13
5/10/2016,0.45,11.8,0.73,0.25,0.23,0.27,2.2,0.65,0.03,0.13
5/11/2016,0.45,11.8,0.73,0.25,0.23,0.27,2.2,0.65,0.03,0.13
5/12/2016,0.4,11.8,0.73,0.25,0.24,0.27,2.2,0.65,0.03,0.13
5/13/2016,0.4,11.8,0.75,0.24,0.24,0.27,2.2,0.65,0.03,0.13
5/16/2016,0.4,11.8,0.75,0.22,0.24,0.27,2.19,0.65,0.03,0.15
5/17/2016,0.4,11.8,0.75,0.22,0.24,0.27,2.19,0.65,0.03,0.15
5/18/2016,0.4,11.8,0.75,0.22,0.24,0.27,2.19,0.65,0.03,0.15
5/19/2016,0.4,11.8,0.75,0.22,0.24,0.27,2.19,0.65,0.03,0.15
5/20/2016,0.4,11.8,0.73,0.22,0.24,0.27,2.19,0.65,0.03,0.16
5/23/2016,0.4,11.8,0.72,0.22,0.22,0.27,2.19,0.65,0.03,0.16
5/24/2016,0.4,11.8,0.72,0.22,0.22,0.27,2.18,0.65,0.03,0.16
5/26/2016,0.4,11.8,0.72,0.22,0.21,0.27,2.18,0.65,0.03,0.16
5/27/2016,0.4,11.8,0.71,0.22,0.2,0.27,2.22,0.65,0.03,0.16
5/30/2016,0.44,11.8,0.71,0.23,0.2,0.27,2.21,0.65,0.03,0.16
5/31/2016,0.44,11.8,0.71,0.23,0.2,0.27,2.21,0.65,0.03,0.16
6/1/2016,0.44,11.8,0.71,0.23,0.2,0.27,2.21,0.65,0.03,0.16
6/2/2016,0.44,11.8,0.7,0.23,0.2,0.27,2.23,0.65,0.03,0.16
6/3/2016,0.44,11.8,0.7,0.23,0.2,0.27,2.24,0.65,0.03,0.16
6/6/2016,0.44,11.8,0.7,0.23,0.2,0.27,2.24,0.65,0.03,0.16
6/7/2016,0.44,11.8,0.68,0.23,0.2,0.27,2.24,0.65,0.03,0.17
6/8/2016,0.45,11.8,0.67,0.23,0.2,0.27,2.25,0.65,0.03,0.17
6/9/2016,0.45,11.88,0.6,0.23,0.2,0.27,2.25,0.65,0.03,0.17
6/10/2016,0.45,11.88,0.56,0.23,0.18,0.27,2.27,0.65,0.03,0.17
6/13/2016,0.45,11.88,0.53,0.23,0.18,0.27,2.27,0.65,0.03,0.17
6/14/2016,0.45,11.88,0.52,0.23,0.18,0.27,2.3,0.65,0.03,0.17
6/15/2016,0.45,11.88,0.51,0.21,0.18,0.27,2.3,0.65,0.03,0.17
6/16/2016,0.45,11.85,0.52,0.21,0.17,0.27,2.31,0.65,0.03,0.17
6/17/2016,0.45,11.95,0.52,0.2,0.17,0.27,2.31,0.65,0.03,0.17
6/20/2016,0.45,12,0.53,0.2,0.17,0.27,2.29,0.65,0.03,0.17
6/21/2016,0.45,12,0.55,0.22,0.17,0.27,2.29,0.65,0.03,0.17
6/22/2016,0.44,12,0.56,0.21,0.17,0.27,2.29,0.65,0.03,0.17
6/23/2016,0.44,12,0.57,0.21,0.17,0.27,2.29,0.65,0.03,0.17
6/24/2016,0.45,12,0.6,0.21,0.17,0.27,2.29,0.65,0.03,0.17
6/27/2016,0.45,12,0.6,0.21,0.17,0.27,2.29,0.65,0.03,0.17
6/28/2016,0.45,12,0.63,0.21,0.17,0.27,2.29,0.65,0.03,0.17
6/29/2016,0.45,12.2,0.65,0.21,0.17,0.27,2.29,0.65,0.03,0.17
6/30/2016,0.45,12.2,0.67,0.21,0.17,0.27,2.29,0.65,0.03,0.17
7/1/2016,0.45,12.2,0.67,0.21,0.17,0.27,2.29,0.65,0.03,0.17
7/4/2016,0.45,12.2,0.68,0.21,0.17,0.27,2.29,0.65,0.03,0.17
7/5/2016,0.45,12.2,0.68,0.21,0.17,0.27,2.29,0.65,0.03,0.17
7/6/2016,0.45,12.2,0.7,0.21,0.17,0.27,2.29,0.65,0.03,0.17
7/7/2016,0.45,12.2,0.7,0.21,0.17,0.27,2.29,0.65,0.03,0.17
7/8/2016,0.45,12.2,0.7,0.21,0.17,0.27,2.29,0.65,0.03,0.17
7/11/2016,0.45,12.2,0.7,0.21,0.17,0.27,2.29,0.65,0.03,0.17
7/12/2016,0.45,12.15,0.7,0.21,0.17,0.27,2.29,0.65,0.03,0.17
7/13/2016,0.45,12.15,0.68,0.21,0.17,0.27,2.29,0.65,0.03,0.17
7/14/2016,0.45,12.15,0.66,0.21,0.17,0.27,2.29,0.65,0.03,0.17
7/15/2016,0.45,12.15,0.66,0.21,0.17,0.27,2.29,0.65,0.03,0.17
7/18/2016,0.45,12.15,0.65,0.21,0.17,0.27,2.3,0.65,0.03,0.17
7/19/2016,0.45,12.15,0.65,0.2,0.17,0.27,2.3,0.65,0.03,0.17
7/20/2016,0.45,12.15,0.65,0.2,0.17,0.27,2.31,0.65,0.03,0.17
7/21/2016,0.45,12.15,0.65,0.2,0.17,0.27,2.31,0.65,0.03,0.17
7/22/2016,0.45,12.15,0.65,0.2,0.17,0.27,2.31,0.65,0.03,0.17
7/25/2016,0.45,12.2,0.65,0.2,0.17,0.27,2.31,0.6,0.03,0.17
7/26/2016,0.45,12.2,0.65,0.2,0.17,0.27,2.31,0.6,0.03,0.17
7/27/2016,0.45,12.2,0.65,0.2,0.17,0.27,2.31,0.6,0.03,0.17
7/28/2016,0.45,12,0.67,0.2,0.17,0.27,2.32,0.6,0.03,0.17
7/29/2016,0.45,12,0.66,0.2,0.18,0.22,2.32,0.62,0.03,0.17
8/1/2016,0.45,12,0.67,0.2,0.18,0.22,2.32,0.62,0.03,0.17
8/2/2016,0.45,12,0.67,0.2,0.18,0.22,2.32,0.62,0.03,0.17
8/3/2016,0.45,12,0.67,0.2,0.18,0.22,2.33,0.62,0.03,0.17
8/4/2016,0.45,12,0.67,0.2,0.18,0.22,2.33,0.62,0.03,0.17
8/5/2016,0.45,12,0.67,0.2,0.19,0.22,2.35,0.62,0.03,0.17
8/10/2016,0.45,12,0.67,0.2,0.19,0.22,2.35,0.6,0.03,0.17
8/11/2016,0.45,12,0.67,0.2,0.19,0.22,2.36,0.6,0.03,0.17
8/12/2016,0.45,12,0.67,0.2,0.19,0.22,2.42,0.6,0.03,0.17
8/15/2016,0.45,12,0.67,0.2,0.19,0.22,2.42,0.6,0.03,0.17
8/16/2016,0.45,12,0.67,0.2,0.19,0.22,2.41,0.6,0.03,0.17
8/17/2016,0.44,12,0.67,0.2,0.19,0.22,2.42,0.6,0.03,0.17
8/18/2016,0.44,12,0.67,0.2,0.19,0.22,2.47,0.6,0.03,0.17
8/19/2016,0.44,12,0.67,0.2,0.19,0.22,2.48,0.6,0.03,0.17
8/22/2016,0.44,12,0.67,0.2,0.19,0.22,2.5,0.6,0.03,0.17
8/23/2016,0.44,12,0.67,0.2,0.19,0.22,2.51,0.6,0.03,0.17
8/24/2016,0.44,12,0.67,0.2,0.19,0.22,2.54,0.6,0.03,0.17
8/25/2016,0.44,12,0.66,0.2,0.19,0.22,2.56,0.6,0.03,0.17
8/26/2016,0.44,12,0.66,0.2,0.19,0.22,2.56,0.6,0.03,0.17
8/29/2016,0.44,12,0.66,0.2,0.19,0.22,2.56,0.6,0.03,0.17
8/30/2016,0.44,12,0.65,0.2,0.19,0.22,2.57,0.6,0.03,0.17
8/31/2016,0.44,12,0.65,0.2,0.19,0.22,2.58,0.6,0.03,0.17
9/1/2016,0.44,12,0.63,0.2,0.19,0.22,2.59,0.6,0.03,0.17
9/2/2016,0.44,12,0.63,0.2,0.19,0.22,2.65,0.6,0.03,0.17
9/5/2016,0.44,12,0.63,0.2,0.19,0.22,2.67,0.6,0.03,0.17
9/6/2016,0.44,12,0.63,0.2,0.19,0.22,2.68,0.6,0.03,0.17
9/7/2016,0.44,12,0.63,0.2,0.19,0.22,2.69,0.6,0.03,0.17
9/8/2016,0.44,12,0.62,0.2,0.19,0.22,2.7,0.6,0.03,0.17
9/9/2016,0.44,12,0.63,0.2,0.19,0.22,2.7,0.6,0.03,0.17
9/12/2016,0.44,12,0.63,0.2,0.19,0.22,2.7,0.6,0.03,0.17
9/13/2016,0.44,12,0.63,0.2,0.19,0.22,2.7,0.6,0.03,0.17
9/14/2016,0.44,12,0.63,0.2,0.19,0.22,2.7,0.57,0.03,0.17
9/15/2016,0.44,12,0.6,0.2,0.2,0.22,2.7,0.46,0.03,0.17
9/16/2016,0.44,12,0.63,0.2,0.2,0.22,2.7,0.46,0.03,0.17
9/19/2016,0.44,12,0.6,0.2,0.2,0.22,2.7,0.4,0.03,0.17
9/20/2016,0.44,12,0.6,0.2,0.2,0.22,2.71,0.4,0.03,0.17
9/21/2016,0.44,12,0.6,0.2,0.2,0.22,2.72,0.4,0.03,0.17
9/22/2016,0.44,12,0.61,0.2,0.2,0.22,2.73,0.4,0.03,0.17
9/23/2016,0.44,12,0.61,0.2,0.23,0.22,2.73,0.4,0.03,0.17
9/26/2016,0.44,12,0.61,0.2,0.23,0.22,2.73,0.4,0.03,0.17
9/27/2016,0.44,12,0.62,0.2,0.23,0.22,2.73,0.4,0.03,0.17
9/28/2016,0.44,12,0.62,0.2,0.23,0.22,2.73,0.4,0.03,0.17
9/29/2016,0.44,12,0.61,0.2,0.23,0.2,2.8,0.4,0.03,0.17
9/30/2016,0.44,12.2,0.6,0.2,0.23,0.2,2.9,0.4,0.03,0.17
10/3/2016,0.44,12.2,0.6,0.2,0.23,0.2,2.9,0.4,0.03,0.17
10/4/2016,0.44,12.25,0.6,0.2,0.23,0.2,3,0.4,0.03,0.17
10/5/2016,0.44,12.25,0.6,0.2,0.24,0.2,3,0.4,0.03,0.17
10/6/2016,0.44,12.26,0.62,0.2,0.24,0.2,3,0.41,0.03,0.17
10/7/2016,0.44,12.55,0.63,0.2,0.24,0.2,3,0.41,0.03,0.17
10/10/2016,0.44,12.55,0.63,0.2,0.26,0.2,3.05,0.41,0.03,0.17
10/11/2016,0.44,12.55,0.65,0.2,0.26,0.2,3.05,0.41,0.03,0.17
10/12/2016,0.44,12.55,0.67,0.21,0.26,0.2,3.09,0.41,0.03,0.17
10/13/2016,0.44,13.05,0.68,0.25,0.27,0.2,3.1,0.41,0.03,0.17
10/14/2016,0.44,13.05,0.74,0.26,0.3,0.2,3.15,0.47,0.03,0.18
10/17/2016,0.44,13.5,0.77,0.28,0.3,0.2,3.15,0.49,0.03,0.18
10/18/2016,0.44,14,0.78,0.28,0.3,0.2,3.15,0.49,0.03,0.18
10/19/2016,0.44,14,0.79,0.29,0.3,0.2,3.16,0.49,0.03,0.18
10/20/2016,0.5,14,0.84,0.3,0.3,0.2,3.2,0.49,0.03,0.18
10/21/2016,0.5,14.4,0.83,0.3,0.31,0.24,3.16,0.49,0.03,0.18
10/24/2016,0.5,14.4,0.79,0.3,0.31,0.24,3.16,0.49,0.03,0.18
10/25/2016,0.5,14.55,0.75,0.3,0.31,0.24,3.16,0.49,0.03,0.18
10/26/2016,0.5,14.75,0.75,0.3,0.31,0.24,3.16,0.49,0.03,0.18
10/27/2016,0.5,15,0.73,0.3,0.31,0.24,3.2,0.49,0.03,0.19
10/28/2016,0.5,15,0.72,0.3,0.31,0.24,3.22,0.47,0.03,0.19
10/31/2016,0.5,15,0.73,0.3,0.31,0.24,3.22,0.47,0.03,0.19
11/1/2016,0.5,15,0.73,0.3,0.31,0.24,3.22,0.47,0.03,0.19
11/2/2016,0.5,15,0.73,0.27,0.31,0.24,3.22,0.47,0.03,0.19
11/3/2016,0.5,15,0.73,0.27,0.31,0.24,3.22,0.47,0.03,0.19
11/4/2016,0.5,15,0.73,0.27,0.31,0.24,3.22,0.47,0.03,0.19
11/7/2016,0.5,15,0.73,0.27,0.31,0.24,3.22,0.47,0.03,0.19
11/8/2016,0.5,15.1,0.73,0.29,0.31,0.24,3.22,0.5,0.03,0.19
11/9/2016,0.5,15.2,0.73,0.29,0.31,0.24,3.22,0.5,0.03,0.2
11/10/2016,0.5,15.25,0.73,0.29,0.31,0.24,3.22,0.5,0.03,0.2
11/11/2016,0.5,15.35,0.74,0.27,0.31,0.24,3.22,0.48,0.03,0.21
11/14/2016,0.5,15.5,0.75,0.27,0.31,0.24,3.22,0.48,0.03,0.21
11/15/2016,0.5,15.5,0.76,0.27,0.31,0.24,3.22,0.48,0.03,0.21
11/16/2016,0.5,15.5,0.76,0.28,0.31,0.25,3.22,0.5,0.03,0.21
11/17/2016,0.5,15.5,0.76,0.28,0.31,0.25,3.22,0.5,0.03,0.21
11/18/2016,0.5,15.5,0.76,0.28,0.31,0.28,3.23,0.55,0.03,0.21
11/21/2016,0.51,16,0.76,0.28,0.31,0.28,3.3,0.55,0.03,0.21
11/22/2016,0.51,16,0.78,0.28,0.31,0.28,3.3,0.55,0.03,0.21
11/23/2016,0.52,16,0.78,0.29,0.31,0.3,3.3,0.55,0.03,0.21
11/24/2016,0.52,16.5,0.78,0.29,0.32,0.3,3.34,0.55,0.03,0.23
11/25/2016,0.52,16.5,0.81,0.3,0.32,0.3,3.39,0.55,0.03,0.23
11/28/2016,0.52,16.5,0.82,0.3,0.32,0.3,3.39,0.55,0.03,0.23
11/29/2016,0.55,16.99,0.84,0.31,0.36,0.3,3.39,0.55,0.03,0.23
11/30/2016,0.6,17,0.84,0.32,0.38,0.3,3.4,0.55,0.03,0.23
12/1/2016,0.6,17,0.85,0.32,0.4,0.35,3.4,0.55,0.03,0.23
12/2/2016,0.6,17,0.86,0.32,0.4,0.35,3.4,0.55,0.03,0.23
12/5/2016,0.6,17,0.87,0.32,0.4,0.35,3.4,0.55,0.03,0.23
12/6/2016,0.6,16.78,0.89,0.34,0.44,0.35,3.4,0.55,0.03,0.23
12/7/2016,0.6,16.75,0.91,0.34,0.44,0.39,3.45,0.55,0.03,0.23
12/8/2016,0.6,16.75,0.91,0.34,0.48,0.39,3.46,0.55,0.03,0.23
12/9/2016,0.6,16.75,0.94,0.34,0.53,0.39,3.46,0.55,0.03,0.23
12/12/2016,0.6,16.75,0.94,0.34,0.54,0.39,3.47,0.55,0.03,0.23
12/13/2016,0.6,16.75,0.94,0.34,0.54,0.39,3.48,0.55,0.03,0.28
12/14/2016,0.6,16.75,0.94,0.34,0.54,0.39,3.48,0.55,0.03,0.28
12/15/2016,0.6,16.75,0.94,0.34,0.52,0.39,3.49,0.55,0.03,0.28
12/16/2016,0.6,16.75,0.92,0.31,0.52,0.39,3.49,0.55,0.03,0.3
12/19/2016,0.6,16.75,0.9,0.3,0.5,0.39,3.49,0.55,0.03,0.3
12/20/2016,0.6,16.75,0.89,0.3,0.5,0.39,3.5,0.55,0.03,0.3
12/21/2016,0.6,16.75,0.9,0.3,0.5,0.39,3.5,0.55,0.03,0.3
12/23/2016,0.6,16.75,0.88,0.3,0.5,0.39,3.49,0.5,0.03,0.3
12/28/2016,0.6,16.75,0.88,0.3,0.5,0.39,3.49,0.5,0.03,0.3
12/29/2016,0.6,16.75,0.89,0.3,0.5,0.39,3.49,0.5,0.03,0.3
12/30/2016,0.6,15.25,0.89,0.3,0.48,0.39,3.49,0.55,0.03,0.3
1/3/2017,0.6,15.25,0.9,0.3,0.48,0.39,3.5,0.55,0.03,0.3
1/4/2017,0.6,15.25,0.89,0.3,0.48,0.39,3.5,0.55,0.03,0.3
1/5/2017,0.6,15.25,0.89,0.3,0.48,0.39,3.5,0.55,0.03,0.3
1/6/2017,0.6,15.25,0.9,0.3,0.48,0.39,3.5,0.55,0.03,0.3
1/9/2017,0.6,15.25,0.9,0.3,0.48,0.4,3.5,0.55,0.03,0.3
1/10/2017,0.6,15.25,0.91,0.3,0.48,0.4,3.5,0.55,0.03,0.3
1/11/2017,0.6,15.25,0.92,0.3,0.48,0.4,3.5,0.55,0.03,0.3
1/12/2017,0.6,15.25,0.92,0.3,0.48,0.4,3.5,0.55,0.03,0.3
1/13/2017,0.6,15.25,0.92,0.3,0.48,0.4,3.5,0.55,0.03,0.3
1/16/2017,0.6,15.25,0.92,0.3,0.48,0.4,3.5,0.55,0.03,0.3
1/17/2017,0.6,15.25,0.92,0.3,0.48,0.48,3.5,0.55,0.03,0.3
1/18/2017,0.6,15.25,0.92,0.3,0.48,0.48,3.5,0.55,0.03,0.3
1/19/2017,0.6,15.25,0.92,0.27,0.48,0.48,3.5,0.55,0.03,0.3
1/20/2017,0.6,15.25,0.92,0.27,0.48,0.48,3.51,0.55,0.03,0.3
1/23/2017,0.6,15.25,0.9,0.27,0.48,0.48,3.51,0.55,0.03,0.3
1/24/2017,0.6,15,0.92,0.24,0.48,0.48,3.51,0.55,0.03,0.3
1/25/2017,0.6,15.25,0.9,0.22,0.48,0.48,3.51,0.55,0.03,0.32
1/26/2017,0.6,15.25,0.9,0.2,0.48,0.48,3.51,0.56,0.03,0.32
1/27/2017,0.6,15.25,0.9,0.18,0.48,0.48,3.51,0.56,0.03,0.32
1/30/2017,0.6,15.25,0.9,0.18,0.48,0.48,3.51,0.56,0.03,0.32
1/31/2017,0.6,15.25,0.89,0.17,0.48,0.48,3.51,0.56,0.03,0.32
2/1/2017,0.6,15.25,0.89,0.16,0.48,0.48,3.5,0.56,0.03,0.32
2/2/2017,0.6,15.25,0.89,0.18,0.48,0.48,3.5,0.56,0.03,0.32
2/3/2017,0.6,15.25,0.88,0.18,0.48,0.48,3.5,0.56,0.03,0.33
2/6/2017,0.6,15.25,0.88,0.2,0.48,0.48,3.5,0.56,0.03,0.33
2/7/2017,0.6,15,0.82,0.2,0.48,0.48,3.5,0.57,0.03,0.33
2/8/2017,0.6,15,0.86,0.24,0.48,0.48,3.5,0.57,0.03,0.33
2/9/2017,0.6,15,0.85,0.2,0.48,0.48,3.5,0.57,0.03,0.33
2/10/2017,0.6,15,0.85,0.2,0.48,0.48,3.5,0.58,0.03,0.33
2/13/2017,0.6,15,0.85,0.2,0.48,0.48,3.5,0.58,0.03,0.33
2/14/2017,0.6,15,0.83,0.2,0.48,0.48,3.5,0.58,0.03,0.33
2/15/2017,0.6,15,0.83,0.2,0.48,0.48,3.5,0.58,0.03,0.33
2/16/2017,0.6,15,0.82,0.17,0.48,0.48,3.5,0.59,0.03,0.33
2/17/2017,0.6,15,0.82,0.17,0.48,0.48,3.5,0.59,0.03,0.33
2/20/2017,0.6,15.04,0.8,0.17,0.48,0.48,3.5,0.59,0.03,0.33
2/21/2017,0.6,15.04,0.8,0.17,0.48,0.48,3.5,0.59,0.03,0.33
2/22/2017,0.6,15.05,0.81,0.16,0.48,0.48,3.5,0.59,0.03,0.33
2/23/2017,0.6,15.05,0.81,0.15,0.47,0.48,3.5,0.59,0.03,0.33
2/24/2017,0.6,15.05,0.81,0.14,0.47,0.48,3.45,0.59,0.03,0.33
2/27/2017,0.6,15.05,0.82,0.14,0.47,0.48,3.45,0.59,0.03,0.33
2/28/2017,0.6,15.05,0.82,0.14,0.47,0.48,3.45,0.6,0.03,0.33
3/1/2017,0.6,15.15,0.82,0.14,0.47,0.48,3.45,0.6,0.03,0.33
3/2/2017,0.6,15.2,0.82,0.14,0.45,0.48,3.46,0.6,0.03,0.33
3/3/2017,0.6,15.2,0.83,0.13,0.45,0.48,3.46,0.6,0.03,0.33
3/6/2017,0.6,15.25,0.83,0.13,0.45,0.48,3.46,0.6,0.03,0.33
3/7/2017,0.6,15.25,0.83,0.13,0.45,0.48,3.47,0.6,0.03,0.33
3/8/2017,0.6,15.25,0.84,0.15,0.45,0.48,3.47,0.6,0.03,0.33
3/9/2017,0.6,15.25,0.84,0.13,0.45,0.48,3.47,0.6,0.03,0.34
3/10/2017,0.6,15.25,0.84,0.13,0.45,0.48,3.47,0.6,0.03,0.33
3/13/2017,0.6,15.25,0.84,0.13,0.45,0.48,3.47,0.61,0.03,0.34
3/14/2017,0.6,15.25,0.84,0.14,0.44,0.48,3.48,0.61,0.03,0.34
3/15/2017,0.6,15.25,0.85,0.14,0.44,0.48,3.48,0.61,0.03,0.34
3/16/2017,0.6,15.25,0.85,0.14,0.44,0.48,3.48,0.61,0.03,0.34
3/17/2017,0.6,15.25,0.86,0.15,0.45,0.48,3.5,0.61,0.03,0.34
3/20/2017,0.6,15.25,0.86,0.15,0.45,0.48,3.51,0.61,0.03,0.34
3/21/2017,0.6,15.25,0.86,0.15,0.45,0.48,3.51,0.61,0.03,0.34
3/22/2017,0.6,15.25,0.86,0.15,0.45,0.48,3.51,0.63,0.03,0.34
3/23/2017,0.55,15.25,0.86,0.15,0.45,0.48,3.51,0.63,0.03,0.34
3/24/2017,0.55,15.3,0.85,0.14,0.45,0.48,3.52,0.63,0.03,0.34
3/27/2017,0.55,15.3,0.86,0.16,0.45,0.48,3.52,0.63,0.03,0.34
3/28/2017,0.55,15.3,0.86,0.16,0.45,0.48,3.52,0.63,0.03,0.34
3/29/2017,0.55,15.3,0.86,0.16,0.45,0.48,3.53,0.63,0.03,0.34
3/30/2017,0.55,15.3,0.86,0.16,0.45,0.48,3.53,0.63,0.03,0.34
3/31/2017,0.55,15.3,0.86,0.16,0.45,0.48,3.56,0.64,0.03,0.4
4/3/2017,0.55,15.3,0.86,0.16,0.45,0.48,3.57,0.64,0.03,0.4
4/4/2017,0.55,15.3,0.86,0.16,0.45,0.48,3.57,0.64,0.03,0.4
4/5/2017,0.55,15.3,0.86,0.16,0.45,0.48,3.57,0.63,0.03,0.42
4/6/2017,0.55,15.3,0.86,0.16,0.45,0.48,3.58,0.63,0.03,0.42
4/7/2017,0.55,15.3,0.86,0.17,0.45,0.48,3.58,0.63,0.03,0.42
4/10/2017,0.55,15.3,0.86,0.17,0.45,0.48,3.58,0.63,0.03,0.42
4/11/2017,0.55,15.3,0.86,0.17,0.45,0.45,3.6,0.63,0.03,0.42
4/12/2017,0.55,15.35,0.86,0.17,0.45,0.45,3.61,0.63,0.03,0.42
4/13/2017,0.55,15.35,0.86,0.17,0.45,0.45,3.61,0.63,0.03,0.42
4/19/2017,0.55,15.35,0.86,0.17,0.45,0.45,3.61,0.63,0.03,0.42
4/20/2017,0.55,15.35,0.86,0.17,0.45,0.45,3.61,0.63,0.03,0.42
4/21/2017,0.55,15.35,0.86,0.17,0.45,0.45,3.62,0.63,0.03,0.5
4/24/2017,0.55,15.35,0.86,0.17,0.45,0.45,3.62,0.63,0.03,0.5
4/25/2017,0.55,15.35,0.86,0.17,0.45,0.45,3.62,0.63,0.03,0.5
4/26/2017,0.55,15.35,0.86,0.18,0.45,0.45,3.63,0.66,0.03,0.5
4/27/2017,0.55,15.5,0.86,0.18,0.47,0.45,3.63,0.66,0.03,0.5
4/28/2017,0.55,15.5,0.86,0.18,0.47,0.45,3.65,0.66,0.03,0.5
5/2/2017,0.55,15.5,0.87,0.18,0.47,0.45,3.67,0.66,0.03,0.55
5/3/2017,0.55,15.5,0.87,0.18,0.47,0.45,3.67,0.66,0.03,0.55
5/4/2017,0.55,15.5,0.87,0.18,0.47,0.45,3.69,0.66,0.03,0.55
5/5/2017,0.55,15.5,0.88,0.19,0.47,0.45,3.7,0.66,0.03,0.55
5/8/2017,0.55,15.5,0.88,0.2,0.47,0.45,3.75,0.66,0.03,0.55
5/9/2017,0.55,15.5,0.89,0.2,0.47,0.45,3.75,0.66,0.03,0.55
5/10/2017,0.6,15.5,0.89,0.2,0.48,0.45,3.75,0.66,0.03,0.55
5/11/2017,0.6,15.5,0.89,0.2,0.48,0.45,3.75,0.66,0.03,0.55
5/12/2017,0.6,15.5,0.89,0.2,0.48,0.45,3.75,0.66,0.03,0.55
5/15/2017,0.6,15.5,0.89,0.21,0.48,0.45,3.75,0.66,0.03,0.55
5/16/2017,0.6,15.55,0.89,0.21,0.48,0.45,3.76,0.66,0.03,0.55
5/17/2017,0.6,15.55,0.91,0.24,0.49,0.45,3.69,0.67,0.03,0.55
5/18/2017,0.6,15.55,0.93,0.24,0.49,0.45,3.75,0.66,0.03,0.57
5/19/2017,0.6,15.6,0.93,0.25,0.49,0.45,3.75,0.67,0.03,0.57
5/22/2017,0.6,15.6,0.94,0.26,0.49,0.45,3.75,0.67,0.03,0.55
5/23/2017,0.6,15.6,0.95,0.27,0.51,0.45,3.76,0.67,0.02,0.55
5/24/2017,0.6,16.65,0.95,0.28,0.53,0.4,3.76,0.67,0.02,0.55
5/26/2017,0.6,16.65,0.95,0.3,0.54,0.4,3.76,0.67,0.02,0.55
5/29/2017,0.6,16.65,0.95,0.3,0.54,0.4,3.77,0.67,0.02,0.55
5/30/2017,0.6,16.65,0.95,0.3,0.57,0.4,3.77,0.67,0.02,0.55
5/31/2017,0.6,16.65,0.95,0.31,0.6,0.4,3.77,0.67,0.02,0.55
6/1/2017,0.6,16.65,0.98,0.32,0.6,0.4,3.77,0.67,0.02,0.55
6/2/2017,0.6,16.65,0.98,0.35,0.6,0.4,3.77,0.67,0.02,0.55
6/5/2017,0.61,17.03,1,0.36,0.61,0.4,3.77,0.67,0.02,0.55
6/6/2017,0.61,17.03,1,0.36,0.61,0.4,3.77,0.67,0.02,0.55
6/7/2017,0.61,17,1.01,0.37,0.6,0.4,3.77,0.67,0.02,0.55
6/8/2017,0.61,17.05,1.02,0.36,0.61,0.4,3.77,0.67,0.02,0.55
6/9/2017,0.61,17.1,1.06,0.35,0.65,0.4,3.79,0.68,0.02,0.55
6/12/2017,0.61,17.57,1.11,0.35,0.66,0.4,3.8,0.68,0.02,0.55
6/13/2017,0.61,17.65,1.12,0.34,0.69,0.4,3.81,0.68,0.02,0.55
6/14/2017,0.61,18,1.15,0.35,0.7,0.4,3.82,0.68,0.02,0.55
6/15/2017,0.61,17.99,1.19,0.35,0.71,0.4,3.82,0.68,0.02,0.55
6/16/2017,0.61,18,1.25,0.35,0.72,0.4,3.83,0.68,0.02,0.55
6/19/2017,0.61,18,1.25,0.35,0.72,0.4,3.83,0.68,0.02,0.55
6/20/2017,0.61,18,1.25,0.33,0.72,0.4,3.83,0.69,0.02,0.55
6/21/2017,0.61,18,1.25,0.33,0.72,0.4,3.85,0.69,0.02,0.55
6/22/2017,0.61,18,1.26,0.33,0.72,0.45,3.85,0.69,0.02,0.55
6/23/2017,0.61,18,1.25,0.33,0.72,0.45,3.85,0.69,0.03,0.55
6/26/2017,0.61,18,1.26,0.34,0.72,0.5,3.85,0.69,0.03,0.55
6/27/2017,0.61,18,1.26,0.34,0.72,0.5,3.85,0.69,0.03,0.55
6/28/2017,0.61,18,1.27,0.35,0.72,0.5,3.87,0.69,0.03,0.55
6/29/2017,0.61,18,1.27,0.35,0.72,0.5,3.87,0.69,0.03,0.55
6/30/2017,0.61,18,1.27,0.35,0.72,0.5,3.87,0.69,0.03,0.55
7/3/2017,0.61,18,1.27,0.36,0.72,0.5,3.87,0.69,0.03,0.55
7/4/2017,0.61,18,1.27,0.36,0.72,0.5,3.92,0.69,0.03,0.55
7/5/2017,0.61,18,1.27,0.36,0.72,0.5,3.92,0.69,0.03,0.55
7/6/2017,0.61,18,1.27,0.36,0.72,0.5,3.92,0.69,0.03,0.55
7/7/2017,0.6,18,1.27,0.36,0.72,0.5,3.93,0.69,0.03,0.55
7/10/2017,0.6,18,1.27,0.36,0.72,0.5,3.93,0.69,0.03,0.55
7/11/2017,0.6,18,1.27,0.37,0.72,0.5,3.93,0.69,0.03,0.55
7/12/2017,0.6,18,1.27,0.37,0.72,0.5,3.93,0.69,0.03,0.55
7/13/2017,0.6,18,1.27,0.37,0.72,0.5,3.93,0.69,0.03,0.55
7/14/2017,0.6,18,1.27,0.37,0.72,0.5,3.93,0.69,0.03,0.55
7/17/2017,0.6,18,1.27,0.37,0.72,0.5,3.93,0.69,0.03,0.55
7/18/2017,0.6,18,1.27,0.37,0.72,0.5,3.93,0.69,0.03,0.55
7/19/2017,0.6,18,1.27,0.37,0.72,0.5,3.93,0.71,0.03,0.55
7/20/2017,0.6,18,1.27,0.37,0.72,0.5,3.93,0.71,0.03,0.55
7/21/2017,0.6,18,1.27,0.37,0.73,0.5,3.93,0.71,0.03,0.55
7/24/2017,0.6,18,1.27,0.37,0.73,0.5,3.93,0.71,0.03,0.55
7/25/2017,0.6,18,1.27,0.37,0.73,0.5,3.93,0.71,0.03,0.55
7/26/2017,0.6,18.05,1.27,0.38,0.73,0.5,3.93,0.71,0.03,0.55
7/27/2017,0.6,18.05,1.27,0.38,0.73,0.5,3.93,0.71,0.03,0.55
7/28/2017,0.6,18.05,1.27,0.39,0.73,0.5,3.93,0.71,0.03,0.55
7/31/2017,0.6,18.05,1.27,0.4,0.73,0.5,3.93,0.71,0.03,0.6
8/1/2017,0.6,18.05,1.27,0.4,0.73,0.5,3.93,0.71,0.03,0.6
8/2/2017,0.6,18.05,1.27,0.4,0.73,0.5,3.94,0.71,0.03,0.6
8/3/2017,0.6,18,1.27,0.4,0.73,0.5,3.94,0.71,0.03,0.6
8/4/2017,0.6,18.05,1.28,0.42,0.73,0.5,3.94,0.71,0.03,0.6
8/7/2017,0.6,18.05,1.28,0.42,0.73,0.5,3.94,0.71,0.03,0.6
8/8/2017,0.6,18.05,1.28,0.42,0.73,0.5,3.94,0.71,0.03,0.6
8/9/2017,0.6,18.05,1.29,0.42,0.73,0.5,3.94,0.71,0.03,0.6
8/10/2017,0.6,18.05,1.28,0.42,0.75,0.5,3.94,0.71,0.03,0.6
8/11/2017,0.6,18.05,1.28,0.42,0.75,0.5,3.94,0.71,0.03,0.6
8/16/2017,0.6,18.05,1.29,0.42,0.75,0.5,3.94,0.65,0.03,0.6
8/17/2017,0.6,18.05,1.28,0.42,0.75,0.5,3.94,0.65,0.03,0.6
8/18/2017,0.6,18.05,1.28,0.43,0.75,0.5,3.95,0.65,0.03,0.6
8/21/2017,0.6,18.05,1.3,0.43,0.75,0.5,4.02,0.65,0.03,0.6
8/22/2017,0.6,18.05,1.3,0.43,0.75,0.5,4.02,0.65,0.03,0.6
8/23/2017,0.6,18.15,1.31,0.44,0.75,0.5,4.03,0.71,0.03,0.6
8/24/2017,0.6,18.15,1.32,0.44,0.75,0.5,4.03,0.71,0.03,0.6
8/25/2017,0.65,18.15,1.32,0.45,0.76,0.5,4.04,0.71,0.03,0.6
8/28/2017,0.65,18.15,1.36,0.47,0.77,0.5,4.05,0.71,0.03,0.6
8/29/2017,0.66,18.15,1.37,0.47,0.77,0.05,4.05,0.73,0.03,0.6
8/30/2017,0.67,18.15,1.4,0.48,0.79,0.5,4.09,0.73,0.03,0.65
8/31/2017,0.67,18.15,1.41,0.49,0.79,0.5,4.11,0.73,0.03,0.65
9/1/2017,0.67,18.15,1.43,0.5,0.79,0.5,4.27,0.73,0.03,0.65
9/4/2017,0.67,18.15,1.5,0.5,0.8,0.5,4.32,0.78,0.03,0.65
9/5/2017,0.67,18.15,1.5,0.5,0.8,0.5,4.32,0.78,0.03,0.65
9/6/2017,0.85,18.2,1.56,0.6,0.86,0.5,4.71,0.8,0.03,0.65
9/7/2017,0.85,18.2,1.6,0.61,0.87,0.5,4.76,0.8,0.03,0.68
9/8/2017,0.85,18.2,1.74,0.66,0.87,0.5,4.91,0.8,0.03,0.68
9/11/2017,0.85,18.2,1.82,0.72,1.01,0.5,5,0.8,0.03,0.68
9/12/2017,1,18.35,1.96,0.66,1.21,0.5,5.53,0.82,0.03,0.68
9/13/2017,1,18.35,1.96,0.66,1.21,0.5,5.53,0.82,0.03,0.68
9/14/2017,1,18.35,2.67,0.66,1.21,0.5,5.53,0.82,0.03,0.68
9/15/2017,1.5,18.35,2.96,0.8,1.53,0.5,6.72,0.82,0.03,0.73
9/18/2017,1.5,18.35,2.96,0.8,1.53,0.5,6.72,0.82,0.03,0.73
9/19/2017,1.5,18.35,2.29,0.8,1.5,0.6,7.3,0.84,0.03,0.8
9/20/2017,1.55,22,2.2,0.8,1.48,0.6,7.71,0.84,0.04,0.8
9/21/2017,1.55,22.93,2.2,0.8,1.45,0.6,7.81,0.9,0.04,0.8
9/22/2017,1.7,26.07,2.2,0.8,1.45,0.6,7.83,0.9,0.04,0.81
9/25/2017,1.7,28,2.4,0.8,1.45,0.7,8.3,0.99,0.04,0.9
9/26/2017,1.7,28,2.53,0.81,1.5,0.7,8.3,1.14,0.04,0.9
9/27/2017,1.7,30,2.73,0.82,1.59,0.7,8.31,1.2,0.04,0.9
9/28/2017,1.7,30.05,2.79,0.82,1.78,0.7,8.31,1.2,0.04,0.9
9/29/2017,1.7,30.25,2.75,0.85,1.8,0.62,9.19,1.44,0.04,1
10/2/2017,1.7,31,2.76,0.85,1.8,0.62,9.65,1.44,0.04,1
10/3/2017,1.7,31,2.75,0.93,1.8,0.62,9.67,1.55,0.04,1
10/4/2017,1.75,32,2.76,0.97,1.8,0.62,9.69,1.62,0.04,1.01
10/5/2017,1.9,35,2.79,1.07,1.8,0.7,10.02,1.62,0.04,1.01
10/6/2017,1.9,36.42,2.8,1.1,1.79,0.7,10.16,1.62,0.04,1.01
10/9/2017,1.9,36.42,2.8,1.1,1.79,0.7,10.16,1.62,0.04,1.01
10/10/2017,1.9,36.42,2.8,1.1,1.79,0.7,10.16,1.62,0.04,1.01
10/11/2017,1.9,36.42,2.8,1.36,1.79,0.7,12.51,2.33,0.04,1.01
10/12/2017,1.9,35.61,2.8,1.71,1.78,0.7,14.07,3.04,0.04,1.1
10/13/2017,1.9,35.61,2.9,1.8,1.79,0.82,14.2,3.35,0.04,1.1
10/16/2017,1.9,35.61,2.9,1.8,1.79,0.82,14.2,3.35,0.04,1.1
10/17/2017,1.9,35.6,3.04,1.81,1.78,0.82,14.2,3.47,0.04,1.1
